,toxic,neutral
0,–ø–æ—Å–∞–¥–∏—Ç—å –±–æ–π—Ü–æ–≤ –≤ –∫—É–∑–æ–≤ –∏–º —Ç–æ—á–Ω–æ –ø–∏–∑–¥–∞,"–ü–æ—Å–∞–¥–∏—Ç—å –±–æ–π—Ü–æ–≤ –≤ –∫—É–∑–æ–≤, –∏ –∏–º —Ç–æ–≥–¥–∞ —Ç–æ—á–Ω–æ –±—É–¥–µ—Ç –ø–ª–æ—Ö–æ."
1,"–ø–æ—Ç–æ–º—É—à—Ç–æ –¥–æ–ª–±–æ–µ–±—ã, –∑–∞—Ç–æ —â–∞—Å —Ä–∞–∑–Ω–æ–æ–±—Ä–∞–∑–Ω–æ–≥–æ —Ö–ª–∞–º–∞ –ø–æ–ª–Ω–æ","–ü–æ—Ç–æ–º—É —á—Ç–æ –Ω–µ –≤ —Å–µ–±–µ, –∑–∞—Ç–æ —Å–µ–π—á–∞—Å —Ä–∞–∑–Ω–æ–æ–±—Ä–∞–∑–Ω–æ–π –µ—Ä—É–Ω–¥—ã –ø–æ–ª–Ω–æ"
2,–∑–∞ –¥–µ–Ω—å–≥–∏ –∫—É–¥–∞ —Ö–æ—á–µ—à—å –≤—ã–π–¥—É—Ç. –¥–µ–±–∏–ª—ã!,–ó–∞ –¥–µ–Ω—å–≥–∏ –æ–Ω–∏ –∫—É–¥–∞ —É–≥–æ–¥–Ω–æ –ø–æ–π–¥—É—Ç. –ù–µ —É–º–Ω—ã–µ –ª—é–¥–∏.
3,—Ö—É–π–Ω—è —à–æ –±–æ–ª—å—à–µ –ø–æ–∫–∞–∑–∞—Ç—å –Ω–µ—á–µ–≥–æ,–ú–Ω–µ –Ω–µ –ø–æ–Ω—Ä–∞–≤–∏–ª–æ—Å—å. –ß—Ç–æ –±–æ–ª—å—à–µ –ø–æ–∫–∞–∑–∞—Ç—å –Ω–µ—á–µ–≥–æ ?
4,"–≤–æ—Ç,–≤–æ—Ç! –ø–æ—á–µ–º—É –ø–æ–ª–∏—Ü–µ–π—Å–∫–∏–µ –Ω–µ –∑–∞–¥–µ—Ä–∂–∞–ª–∏ –ø–∏–¥–æ—Ä–µ–Ω–∫–∞? –≤ —Ä–æ—Å—Å–∏–∏ –∑–∞–ø—Ä–µ—â–µ–Ω–∞ —Ä–µ–∫–ª–∞–º–∞ –ø–∏–¥–æ—Ä—Å—Ç–≤–∞! –ø–æ—á–µ–º—É –Ω–µ –∑–∞–¥–µ—Ä–∂–∞–ª–∏?","–í–æ—Ç –≤–æ—Ç –ø–æ—á–µ–º—É –ø–æ–ª–∏—Ü–µ–π—Å–∫–∏–µ –Ω–µ –∑–∞–¥–µ—Ä–∂–∞–ª–∏ —á–µ–ª–æ–≤–µ–∫–∞ —Å –Ω–µ—Ç—Ä–∞–¥–∏—Ü–∏–æ–Ω–Ω–æ–π –æ—Ä–∏–µ–Ω—Ç–∞—Ü–∏–µ–π, –≤ –†–æ—Å—Å–∏–∏ –∑–∞–ø—Ä–µ—â–µ–Ω–∞ —Ä–µ–∫–ª–∞–º–∞ –Ω–µ—Ç—Ä–∞–¥–∏—Ü–∏–æ–Ω–Ω—ã—Ö –æ—Ç–Ω–æ—à–µ–Ω–∏–π! –ü–æ—á–µ–º—É –Ω–µ –∑–∞–¥–µ—Ä–∂–∞–ª–∏?"
5,"–í—Ä—É–±–∞–π –ø–µ—Ä—Ñ–æ—Ä–∞—Ç–æ—Ä,—Å–≤–µ—Ä–ª–æ –Ω–∞ –ø—è—Ç—å–¥–µ—Å—è—Ç,–ø–æ—Ç–æ–º –≤ —ç—Ç—É –¥—ã—Ä—É –æ—Ä–∏.. –í—Å—Ç–∞–≤—å –≤ –Ω–µ–µ —à–ª–∞–Ω–≥ –∏ –∑–∞—Ç–æ–ø–∏ –∏—Ö–Ω–∞—Ö—É–π,–µ—â–µ –≤ –Ω–µ–µ —Å—Ç—Ä–µ–ª—è—Ç—å –º–æ–∂–Ω–æ,–æ—Å–∫–æ–ª–æ—á–Ω—ã–º,–ª—É—á—à–µ —Ñ—É–≥–∞—Å–Ω—ã–º..","–í–∫–ª—é—á–∞–π –ø–µ—Ä—Ñ–æ—Ä–∞—Ç–æ—Ä, —Å–≤–µ—Ä–ª–æ –Ω–∞ –ø—è—Ç—å–¥–µ—Å—è—Ç, –ø–æ—Ç–æ–º –≤ —ç—Ç—É –¥—ã—Ä—É –∫—Ä–∏—á–∏... –í—Å—Ç–∞–≤—å –≤ –Ω–µ—ë —à–ª–∞–Ω–≥ –∏ –∑–∞—Ç–æ–ø–∏–ª –∏—Ö, –µ—â—ë –≤ –Ω–µ—ë —Å—Ç—Ä–µ–ª—è—Ç—å –º–æ–∂–Ω–æ, –æ—Å–∫–æ–ª–æ—á–Ω—ã–º, –ª—É—á—à–µ —Ñ—É–≥–∞—Å–Ω—ã–º..."
6,"—Ç—É–Ω–µ–≤ ,—Ç–µ–±–µ –Ω–µ –Ω–∞–¥–æ–µ–ª–æ –≥–æ–≤–æ—Ä–∏—Ç—å –∫–∞–∫ –ø–æ–ø—É–≥–∞–π –æ–¥–Ω–æ –∏ —Ç–æ–∂–µ,–≤–∫–ª—é—á–∏ –º–æ–∑–≥–∏ ,–µ—Å–ª–∏ –µ—Å—Ç—å :–Ω–∞—Ö–µ—Ä–∞ —Ç—ã –Ω—É–∂–µ–Ω —à—Ç–∞—Ç–∞–º","–¢—É–Ω–µ–≤ —Ç–µ–±–µ –Ω–µ –Ω–∞–¥–æ–µ–ª–æ –≥–æ–≤–æ—Ä–∏—Ç—å –∫–∞–∫ –ø–æ–ø—É–≥–∞–π –æ–¥–Ω–æ –∏ —Ç–æ–∂–µ? –í–∫–ª—é—á–∏ –º–æ–∑–≥, –µ—Å–ª–∏ –æ–Ω –µ—Å—Ç—å —É —Ç–µ–±—è? –ó–∞—á–µ–º —Ç—ã –Ω—É–∂–µ–Ω —à—Ç–∞—Ç–∞–º?"
7,"–∏ —á—Ç–æ,–Ω–∏–∫—Ç–æ –Ω–µ –æ—Ç–ø–∏–∑–¥–∏—Ç –ø–∏–¥–∞—Ä–∞???","–ò —á—Ç–æ, –Ω–∏–∫—Ç–æ –µ–≥–æ –Ω–µ –ø–æ—Å—Ç–∞–≤–∏—Ç –Ω–∞ –º–µ—Å—Ç–æ?"
8,"—Å–∫–æ–ª—å–∫–æ –≤ –º–æ—Å–∫–≤–µ, –Ω–µ–±—ã–ª, —Å—ã—Ä–æ—Å—Ç—å, –ø–∞—Å–º—É—Ä–Ω–æ, –ø—Ä–æ–±–∫–∏ —Ö–∞–º–∞–º–∏ –∏ –¥–µ–±–∏–ª–∞–º–∏ –∫–∏—à–∞—Ç. –∏ –º–∏–ª–ª–∏–æ–Ω —Ç—É–Ω–µ—è–¥—Ü–µ–≤.","–î–∞–≤–Ω–æ –Ω–µ –±—ã–ª –≤ –ú–æ—Å–∫–≤–µ, –Ω–æ —Ç—É—Ç –ø–æ-–ø—Ä–µ–∂–Ω–µ–º—É —Å—ã—Ä–æ, –ø–∞—Å–º—É—Ä–Ω–æ, –ø—Ä–æ–±–∫–∏, –º–Ω–æ–≥–æ –æ–∑–ª–æ–±–ª–µ–Ω–Ω—ã—Ö –ª—é–¥–µ–π.  –ò –º–Ω–æ–≥–æ –Ω–µ—Ä–∞–±–æ—Ç–∞—é—â–∏—Ö"
9,"–∫–∞–∫ —ç—Ç—É —Ä—ã–∂—É—é –º—Ä–∞–∑—å,–∑–µ–º–ª—è –¥–æ—Å–∏—Ö–ø–æ—Ä –Ω–æ—Å–∏—Ç.",–ö–∞–∫ —ç—Ç—É —Ä—ã–∂—É—é –¥–µ–≤—É—à–∫—É –∑–µ–º–ª—è –¥–æ —Å–∏—Ö –ø–æ—Ä –Ω–æ—Å–∏—Ç
10,"–ø–∏–∑–¥–µ–∂, –Ω–µ –µ–≥–æ —Å–ª–æ–≤–∞ –æ–Ω–æ —á–º–æ",–û–Ω –≤—Ä—ë—Ç. –≠—Ç–æ –Ω–µ –µ–≥–æ —Å–ª–æ–≤–∞. –û–Ω –Ω–µ—Ö–æ—Ä–æ—à–∏–π —á–µ–ª–æ–≤–µ–∫.
11,"–∑–∞—Ç–∫–Ω—É—Ç—å –µ–π –ø–∞—Å—Ç—å,—Ä–∞–∑ –∏ –Ω–∞–≤—Å–µ–≥–¥–∞, —á—Ç–æ –±—ã –Ω–µ —Ä—ã–ø–∞–ª–∞—Å—å –≤ —Å—Ç–æ—Ä–æ–Ω—É –Ω–∞—à–µ–≥–æ –∫–æ–Ω—Ç–∏–Ω–µ–Ω—Ç–∞....–ø—É—Å—Ç—å –≥–∞–≤–∫–∞–µ—Ç —É —Å–µ–±—è.","–ù–µ –¥–∞–≤–∞–π—Ç–µ –µ–π —Å–ª–æ–≤–∞, —Ä–∞–∑ –∏ –Ω–∞–≤—Å–µ–≥–¥–∞, —á—Ç–æ–±—ã –¥–∞–∂–µ –Ω–µ —Å–º–æ—Ç—Ä–µ–ª–∞ –≤ —Å—Ç–æ—Ä–æ–Ω—É –Ω–∞—à–µ–≥–æ –∫–æ–Ω—Ç–∏–Ω–µ–Ω—Ç–∞...–ø—É—Å—Ç—å —Å–≤–æ–µ –º–Ω–µ–Ω–∏–µ –≤—ã—Å–∫–∞–∑—ã–≤–∞–µ—Ç —É —Å–µ–±—è."
12,"–ø–æ–ª–Ω—ã–π –ø–∏–∑–¥–µ—Ü, –ø–æ –º–æ–¥–µ–ª—å–µ—Ä–∞–º –ø—Å–∏—Ö—É—à–∫–∞ –ø–ª–∞—á–µ—Ç, –≤–æ—Ç –æ–¥–µ–Ω—å –Ω–∞—à–∏—Ö –º—É–∂–∏–∫–æ–≤ –≤ —Ç–∞–∫—É—é –æ–¥–µ–∂–¥—É –æ—Å–æ–±–µ–Ω–Ω–æ —Ç—Ä—É—Å—ã –æ—Ö—É–∏—Ç–µ–ª—å–Ω—ã–µ.","—ç—Ç–æ –∂–µ—Å—Ç—å, –º–æ–¥–µ–ª—å–µ—Ä—ã —è–≤–Ω–æ –Ω–µ –≤ —Å–µ–±–µ, –≤–æ—Ç –æ–¥–µ–Ω—å –Ω–∞—à–∏—Ö –º—É–∂–∏–∫–æ–≤ –≤ —Ç–∞–∫—É—é –æ–¥–µ–∂–¥—É, –æ—Å–æ–±–µ–Ω–Ω–æ –≤ —ç—Ç–∏ –ø—ë—Å—Ç—Ä—ã–µ —Ç—Ä—É—Å—ã"
13,–¥–µ—Ä—å–º–æ –æ–Ω –∏ –µ–≥–æ –ø–æ–≥–∞–Ω—ã–µ –ø–µ—Å–Ω—é—à–∫–∏.—Ç–µ—Ä–ø–µ—Ç—å –Ω–µ –º–æ–≥—É —ç—Ç–æ –±—ã–¥–ª–æ,"–ü–µ—Å–Ω–∏ —É –Ω–µ–≥–æ –ø–ª–æ—Ö–∏–µ, –¥–∞ –∏ —Å–∞–º –æ–Ω –Ω–µ –æ—á–µ–Ω—å. –ù–µ –ª—é–±–ª—é –µ–≥–æ"
14,"–°–∞–∂–∏ –¥–∞—É–Ω–∞–º, –∫–æ—Ç–æ—Ä—ã–µ –µ–≥–æ –Ω–µ —Å–º–æ—Ç—Ä—è—Ç","–°–æ–æ–±—â–∏ –Ω–µ —Å–≤–µ–¥—É—é—â–∏–º –ª—é–¥—è–º , –∫–æ—Ç–æ—Ä—ã–µ –Ω–µ –±–µ—Ä—É—Ç –µ–≥–æ –≤–æ –≤–Ω–∏–º–∞–Ω–∏–µ"
15,‚Äã—á—Ç–æ –≤—ã –ª—é–¥–∏ -–¥–æ–µ–±–∞–ª–∏—Å—å –¥–æ –±—É–∑–æ–≤–æ–π -–Ω–æ—Ä–º–∞–ª—å–Ω–∞—è –∂–µ–Ω—â–∏–Ω–∞ -–≤—ã –ø–æ—Å–º–æ—Ç—Ä–∏—Ç–µ –≤–æ–∫—Ä—É–≥ -–∫—Ä—É–≥–æ–º —Ü–∏—Ä–∫ -–ø—É—Å—Ç—å –ø–æ–µ—Ç -–ø—Ä–∏—è—Ç–Ω–∞—è –∂–µ–Ω—â–∏–Ω–∞,"‚Äã—á—Ç–æ –≤—ã –ª—é–¥–∏ –ø—Ä–∏—Å—Ç–∞–ª–∏ –∫ –±—É–∑–æ–≤–æ–π - –Ω–æ—Ä–º–∞–ª—å–Ω–∞—è –∂–µ–Ω—â–∏–Ω–∞, –≤—ã –ø–æ—Å–º–æ—Ç—Ä–∏—Ç–µ –≤–æ–∫—Ä—É–≥ - –∫—Ä—É–≥–æ–º —Ü–∏—Ä–∫, –ø—É—Å—Ç—å –ø–æ–µ—Ç - –ø—Ä–∏—è—Ç–Ω–∞—è –∂–µ–Ω—â–∏–Ω–∞"
16,"—Å–ø–∞—Å–∏–±–æ ,—è —É–∂–µ –¥–æ–º–æ–π –ø–æ–≥–Ω–∞–ª -–≤ —à–∫–∞—Ñ—É –Ω–∞—Å—Ä–∞–ª ,—á–µ—Ä–µ–ø–∞—Ö—É –≤—ã–µ–±–∞–ª....","–°–ø–∞—Å–∏–±–æ, —è —É–∂–µ –¥–æ–º–æ–π –ø–æ—à—ë–ª - –≤ —à–∫–∞—Ñ—É –±–µ—Å–ø–æ—Ä—è–¥–æ–∫ –Ω–∞–≤–µ–ª–∞ , —á–µ—Ä–µ–ø–∞—Ö—É –æ—Ç—Ä—É–≥–∞–ª"
17,—à–∞–≤–∫–∏ –ø—É–ø–∫–∏–Ω—Å–∫–∏–µ —É–º–µ—é—Ç –≤–æ–µ–≤–∞—Ç—å —Ç–æ–ª—å–∫–æ —Å –±–µ–∑–æ—Ä—É–∂–Ω—ã–º–∏,"–û–Ω–∏ –º–æ–≥—É—Ç –ø—Ä–æ—è–≤–ª—è—Ç—å —Å–∏–ª—É —Ç–æ–ª—å–∫–æ —Ç–∞–º, –≥–¥–µ –∏–º –Ω–µ –æ–∫–∞–∂—É—Ç —Å–æ–ø—Ä–æ—Ç–∏–≤–ª–µ–Ω–∏—è"
18,"—ç—Ç–æ –æ—Ç–≤–µ—Ç —á–º–æ—à–Ω–∏–∫–∞!!! –µ—Å–ª–∏ —Å–∞–º –æ—Å–∫–æ—Ä–±–ª—è–µ—à—å, —ç—Ç–æ –Ω–æ—Ä–º–∞–ª—å–Ω–æ –∞ –µ—Å–ª–∏ –æ—Ç–≤–µ—Ç–∞ —Å—Ä–∞–∑—É —Ö–∞–º","–≠—Ç–æ –æ—Ç–≤–µ—Ç –Ω–µ–¥–æ–±—Ä–æ—Å–æ–≤–µ—Å—Ç–Ω–æ–≥–æ —á–µ–ª–æ–≤–µ–∫–∞ . –ï—Å–ª–∏ —Å–∞–º –æ—Å–∫–æ—Ä–±–ª—è–µ—à—å , —ç—Ç–æ –Ω–æ—Ä–º–∞–ª—å–Ω–æ , –∞ –µ—Å–ª–∏ –æ—Ç–≤–µ—Ç—è—Ç , —Å—Ä–∞–∑—É - —Ö–∞–º ."
19,"–Ω–∏—á–µ–≥–æ –Ω–µ –º–µ–Ω—è–µ—Ç—Å—è,–≤–∏–∑–¥–µ –ø–∏–¥–∞—Ä–∞—Å–∏,–≤ –ø–æ–≥–æ–Ω–∞—Ö,–±–æ—Ä—è—Ç—Å—è —Å –∫–æ—Ä—É–ø—Ü–∏–µ–π,–∏ –∑–ª–æ—Å–Ω–∏–º–∏ –Ω–∞—Ä—É—à–∏—Ç–µ–ª—è–º–∏.","–ù–∏—á–µ–≥–æ –Ω–µ –º–µ–Ω—è–µ—Ç—Å—è, –≤–µ–∑–¥–µ –ø–ª–æ—Ö–∏–µ –ª—é–¥–∏ –≤ –ø–æ–≥–æ–Ω–∞—Ö –±–æ—Ä—é—Ç—Å—è —Å –∫–æ—Ä—Ä—É–ø—Ü–∏–µ–π –∏ –∑–ª–æ—Å—Ç–Ω—ã–º–∏ –Ω–∞—Ä—É—à–∏—Ç–µ–ª—è–º–∏."
20,—ç—Ç–æ –∫–∞—Ä—Ç–∏–Ω–∫–∞ –¥–ª—è –ø–∏–¥–æ—Ä–æ–≤ –∏–∑ –æ–¥–Ω–æ–∫–ª–∞—Å—Å–Ω–∏–∫–æ–≤,–≠—Ç–æ –∫–∞—Ä—Ç–∏–Ω–∫–∞ –¥–ª—è –ª—é–¥–µ–π —Å –Ω–µ—Ç—Ä–∞–¥–∏—Ü–∏–æ–Ω–Ω–æ–π –æ—Ä–∏–µ–Ω—Ç–∞—Ü–∏–µ–π –∏–∑ –æ–¥–Ω–æ–∫–ª–∞—Å—Å–Ω–∏–∫–æ–≤
21,–∫—É—Ä—è—â–∏–µ –Ω–µ –∏–Ω—Ç–µ—Ä–∏—Å—É—é—Ç –µ—ë –ø–æ—â–ª–∞ —Ç–æ–≥–¥–∞ –Ω–∞ —Ö—É–π,"–ù–∞—à–∏ –º–Ω–µ–Ω–∏—è —Ä–∞—Å—Ö–æ–¥—è—Ç—Å—è, –∫ —Å–æ–∂–∞–ª–µ–Ω–∏—é, —É –º–µ–Ω—è –µ—Å—Ç—å —ç—Ç–∞ –≤—Ä–µ–¥–Ω–∞—è –ø—Ä–∏–≤—ã—á–∫–∞, –ø–æ—ç—Ç–æ–º—É –Ω–∞–º –ø—Ä–∏–¥—ë—Ç—Å—è –ø—Ä–µ–∫—Ä–∞—Ç–∏—Ç—å –æ–±—â–µ–Ω–∏–µ"
22,"–∫–∞–∫ –≤—Å–µ–≥–¥–∞ –ø–æ–ø—Ä–æ—à–∞–π–Ω–∏—á–∞–µ—à—å,–ø—Ä–∏–≤—ã–∫–ª–∞ –ø–æ–±–∏—Ä—É—à–∫–∞ –∫–ª—è–Ω—á–∏—Ç—å —É –ø–æ–¥–ø–∏—Å—á–∏–∫–æ–≤,—Å–µ–π—á–∞—Å –Ω–∞—á–Ω–µ—Ç –ø—Ä–æ—Å–∏—Ç—å –¥–µ—Ç—Å–∫–∏–µ.–≤–µ—â–∏,—Å–µ–±–µ —á–µ—Ö–ª—ã,—É–µ–±–∏—â–µ,–¥–Ω–∏—â–µ","–ö–∞–∫ –≤—Å–µ–≥–¥–∞ –ø—Ä–æ—Å–∏—à—å —É –¥—Ä—É–≥–∏—Ö, –ø—Ä–∏–≤—ã–∫–ª–∞ –ø—Ä–æ—Å–∏—Ç—å —É –ø–æ–¥–ø–∏—Å—á–∏–∫–æ–≤, —Å–µ–π—á–∞—Å –Ω–∞—á–Ω—ë—à—å –∏ –¥–µ—Ç—Å–∫–∏–µ –≤–µ—â–∏, —á–µ—Ö–ª—ã –ø—Ä–æ—Å–∏—Ç—å"
23,"–í role reversal —Ç—Ä–µ–¥–µ fet –ø–æ—Å–µ–ª–∏–ª—Å—è —à–∏–∑–∏–∫, –ø–æ—Ä—Ç—è—â–∏–π –≤—Å–µ–º –∂–∏–≤—É—â–∏–º —Ç–∞–º –∫–∞—Ä—Ç–∏–Ω—É","–í role reversal —Ç—Ä–µ–¥–µ fet –ø–æ—Å–µ–ª–∏–ª—Å—è –±–æ–ª—å–Ω–æ–π –Ω–∞ –≥–æ–ª–æ–≤—É —á–µ–ª–æ–≤–µ–∫, –ø–æ—Ä—Ç—è—â–∏–π –≤—Å–µ–º –∂–∏–≤—É—â–∏–º —Ç–∞–º –∫–∞—Ä—Ç–∏–Ω—É"
24,"–∑–¥–µ—Å—å —Ä–µ—á—å –∏–¥—ë—Ç —Å–æ–≤—Å–µ–º –æ –¥—Ä—É–≥–æ–º –∞ —Ç—ã —Å–æ —Å–≤–æ–∏–º –≤–µ—Å–æ–º,–ø–µ–π –∏ –∂—Ä–∏ —Å–∞–º–∞ –¥–æ–ª–±–æ–µ–±–∫–∞.","–∑–¥–µ—Å—å —Ä–µ—á—å –∏–¥—ë—Ç —Å–æ–≤—Å–µ–º –æ –¥—Ä—É–≥–æ–º, –∞ —Ç—ã —Å–∞–º–∞ —Ä–µ—à–∞–π —á—Ç–æ –∏ –∫–∞–∫ –±—É–¥–µ—à—å –∫—É—à–∞—Ç—å, –∏–º–µ—è —Ç–∞–∫–æ–π –≤–µ—Å."
25,–µ—â—ë —Ä–∞–∑ –¥–ª—è —Å–æ–≤—Å–µ–º —Ç—É–ø—ã—Ö –∑–æ–º–±–∏—Ä—É—é—Ç —Ç–æ–ª—å–∫–æ —Ç–æ–≥–æ –∫—Ç–æ –±–µ–∑–º–æ–∑–≥–ª,–ï—â—ë —Ä–∞–∑ –¥–ª—è —Ç–µ—Ö –∫—Ç–æ –Ω–µ –ø–æ–Ω—è–ª –∑–æ–º–±–∏—Ä—É—é—Ç —Ç–æ–ª—å–∫–æ —Ç–æ–≥–æ –∫—Ç–æ –Ω–µ —Å—Ä–∞–∑—É –ø–æ–Ω–∏–º–∞–µ—Ç
26,"—á–æ —É —Ç–µ–±—è —É–∫—Ä–∞–ª–∏ —Ç–æ–ª—Å—Ç–æ–º–æ—Ä–¥—ã–π?–º–µ—Ä—Å–µ–¥–µ—Å, –∫–æ—Ç—Ç–µ–¥–∂,—á–æ –±—ã–ª–æ —É —Ç–µ–±—è –≤ 90—Ö???—Ö—É–π –¥–∞ –¥—É—à–∞.","—á—Ç–æ —É —Ç–µ–±—è —É–∫—Ä–∞–ª–∏? –º–µ—Ä—Å–µ–¥–µ—Å, –∫–æ—Ç—Ç–µ–¥–∂, —á—Ç–æ –±—ã–ª–æ —É —Ç–µ–±—è –≤ 90—Ö? –¥—É—à–∞ –¥–∞ –∏ —Ç–æ–ª—å–∫–æ"
27,—É –º–µ–Ω—è –≤—Ä–µ–º—è –¥–æ —Ö—É—è! —è –ø–µ–Ω—Å–∏–æ–Ω–µ—Ä,"–¢–∞–∫ –∫–∞–∫ —è –Ω–∞—Ö–æ–∂—É—Å—å –Ω–∞ –ø–µ–Ω—Å–∏–∏, —Ç–æ —Ä–∞—Å–ø–æ–ª–∞–≥–∞—é –¥–æ—Å—Ç–∞—Ç–æ—á–Ω—ã–º –∫–æ–ª–∏—á–µ—Å—Ç–≤–æ–º –≤—Ä–µ–º–µ–Ω–∏"
28,–∫–æ–º—É –Ω–µ –Ω—Ä–∞–≤–∏—Ç—å—Å—è –∂–∏—Ç—å –≤ —Å–æ–≤—Ä–µ–º–µ–Ω–Ω–æ–π —Ä–æ—Å—Å–∏–∏ - –ø–∏–∑–¥—É–π—Ç–µ –æ—Ç—Å—é–¥–∞,–∫–æ–º—É –Ω–µ –Ω—Ä–∞–≤–∏—Ç—å—Å—è –∂–∏—Ç—å –≤ —Å–æ–≤—Ä–µ–º–µ–Ω–Ω–æ–π —Ä–æ—Å—Å–∏–∏ - –º–æ–∂–µ—Ç–µ –∂–∏—Ç—å –≤ –¥—Ä—É–≥–æ–π —Å—Ç—Ä–∞–Ω–µ –≤–∞—Å –Ω–µ –∫—Ç–æ –Ω–µ –¥–µ—Ä–∂–∏—Ç
29,"–ø–∏–¥–æ—Ä —ç—Ç–æ—Ç –∫–∞–ø–∏—Ç–∞–Ω, –Ω–∞ –æ—Å–Ω–æ–≤–∞–Ω–∏–∏ —á–µ–≥–æ –æ–Ω –≤—ã–µ–±—ã–≤–∞–µ—Ç—Å—è?","–ù–µ —Ö–æ—Ä–æ—à–∏–π —ç—Ç–æ—Ç –∫–∞–ø–∏—Ç–∞–≥, –Ω–∞ –æ—Å–Ω–æ–≤–∞–Ω–∏–∏ —á–µ–≥–æ –æ–Ω —Ç–∞–∫ –≤—ã–∑—ã–≤–∞—é—â–µ —Å–µ–±—è –≤–µ–¥–µ—Ç?"
30,"—Ç–æ –µ—Å—Ç—å –Ω–æ—Ä–º–∞–ª—å–Ω–æ —Ç—Ä–∞—Ö–∞—Ç—å—Å—è –Ω–∞ —Å—Ç–æ—Ä–æ–Ω–µ, –∫–æ–≥–¥–∞ —Å–æ—Å—Ç–æ–∏—à—å –≤ –æ—Ç–Ω–æ—à–µ–Ω–∏—è—Ö?","–¢–æ –µ—Å—Ç—å –Ω–æ—Ä–º–∞–ª—å–Ω–æ –≤—Å—Ç—Ä–µ—á–∞—Ç—å—Å—è —Å –¥—Ä—É–≥–∏–º –Ω–∞ —Å—Ç–æ—Ä–æ–Ω–µ, –∫–æ–≥–¥–∞ —Ç—ã —É–∂–µ —Å–æ—Å—Ç–æ–∏—à—å –≤ –æ—Ç–Ω–æ—à–µ–Ω–∏—è—Ö"
31,"—Å—Ç—Ä–∞–Ω–∞,—Ç–∞–∫ –Ω–∞–∑—ã–≤–∞–µ–º—ã–π –∞–≥—Ä–µ—Å—Å–æ—Ä –≤—Å–µ —ç—Ç–æ —Ä–µ—à–∏—Ç,–∏ –≤–∞—Å,—Ö–æ—Ö–ª–æ—É–µ–±–∫–æ–≤,–¥–∞–∂–µ –Ω–µ —Å–ø—Ä–æ—Å–∏—Ç.","–°—Ç—Ä–∞–Ω–∞ , —Ç–∞–∫ –Ω–∞–∑—ã–≤–∞–µ–º—ã–π –∞–≥—Ä–µ—Å—Å–æ—Ä –≤—Å–µ —ç—Ç–æ —Ä–µ—à–∏—Ç –∏ –≤–∞—Å –¥–∞–∂–µ –Ω–µ —Å–ø—Ä–æ—Å–∏—Ç"
32,"–∞ –ø–æ—Ç–æ–º –æ–Ω –±—É–¥–µ—Ç –∫—Ä–∏—á–∞—Ç—å,, –∫–∞–∫ –∂–µ —Ö–æ—Ä–æ—à–æ –±—ã—Ç—å –ø–∏–¥–æ—Ä–æ–º.","–∞ –ø–æ—Ç–æ–º –æ–Ω –±—É–¥–µ—Ç –∫—Ä–∏—á–∞—Ç—å, –∫–∞–∫ –∂–µ —Ö–æ—Ä–æ—à–æ –±—ã—Ç—å –Ω–µ —Ç–∞–∫–∏–º –∫–∞–∫ –≤—Å–µ"
33,–û–Ω –∫–∞–∫-—Ç–æ —Ä–∞–∑ –ø–æ–¥–æ—à–µ–ª –≤ –¥–≤—É–º –∑–¥–æ—Ä–æ–≤—ã–º —á—É—Ä–∫–∞–º,–û–Ω –∫–∞–∫-—Ç–æ —Ä–∞–∑ –ø–æ–¥–æ—à–µ–ª –≤ –¥–≤—É–º –∑–¥–æ—Ä–æ–≤—ã–º –ª—é–¥—è–º –Ω–µ —Ä—É—Å—Å–∫–æ–π –Ω–∞—Ü–∏–æ–Ω–∞–ª—å–Ω–æ—Å—Ç–∏
34,"–≤–æ–æ–±—â–µ,–ø–æ –∂–∏–∑–Ω–∏ –Ω–µ –∑–∞–≤–∏–¥—É–π.–∏–∑–Ω—É—Ç—Ä–∏ —Å–∂–∏–≥–∞–µ—Ç.–≤–æ—Ç –∫–∞–∫–æ–≥–æ —Ö—Ä–µ–Ω–∞ —Ç—ã —Å–µ–π—á–∞—Å –≤—ã—Å—Ä–∞–ª–∞—Å—å?—Ç–µ–±–µ —á–µ–≥–æ —Ç–æ –Ω–µ —Ö–≤–∞—Ç–∞–µ—Ç?","–í–æ–æ–±—â–µ, –ø–æ –∂–∏–∑–Ω–∏ –Ω–µ –∑–∞–≤–∏–¥—É–π - —ç—Ç–æ —Å–∂–∏–≥–∞–µ—Ç –∏–∑–Ω—É—Ç—Ä–∏. –í–æ—Ç, –ø–æ—á–µ–º—É —Ç—ã —Å–µ–π—á–∞—Å —ç—Ç–æ —Å–¥–µ–ª–∞–ª–∞? –ß–µ–≥–æ —Ç–µ–±–µ –Ω–µ —Ö–≤–∞—Ç–∞–µ—Ç?"
35,—É–±–µ—Ä—É—Ç —É—Å–∞—Ç–æ–≥–æ –ø–∏–∑–¥–∞ –±–µ–ª–æ—Ä—É—Å–∏–∏.–æ–ø—è—Ç—å –ø–æ–µ–¥—É—Ç –Ω–∞ –∑–∞—Ä–∞–±–æ—Ç–∫–∏,"–ï—Å–ª–∏ —É–±–µ—Ä—É—Ç –ø—Ä–µ–∑–∏–¥–µ–Ω—Ç–∞ –ë–µ–ª–æ—Ä—É—Å–∏–∏, —Ç–æ —Å–Ω–æ–≤–∞ –ø—Ä–∏–¥–µ—Ç—Å—è –µ–∑–¥–∏—Ç—å –Ω–∞ –∑–∞—Ä–∞–±–æ—Ç–∫–∏"
36,—É–±–µ—Ä—É—Ç —É—Å–∞—Ç–æ–≥–æ –ø–∏–∑–¥–∞ –±–µ–ª–æ—Ä—É—Å–∏–∏.–æ–ø—è—Ç—å –ø–æ–µ–¥—É—Ç –Ω–∞ –∑–∞—Ä–∞–±–æ—Ç–∫–∏,"–£–±–µ—Ä—É—Ç —É—Å–∞—Ç–æ–≥–æ –∏ –ø–ª–æ—Ö–æ –±—É–¥–µ—Ç –ë–µ–ª–æ—Ä—É—Å—Å–∏–∏, –æ–ø—è—Ç—å –ø–æ–µ–¥—É—Ç –Ω–∞ –∑–∞—Ä–æ–±–æ—Ç–∫–∏"
37,"–±–ª—è,—è —Ö–æ—Ç—å –∏ —Å –¥–æ–Ω–±–∞—Å—Å–∞. –Ω–æ –≤–∏–∂—É,—á—Ç–æ —É –≤–ª–∞—Å—Ç–∏ –≥–∞–Ω–¥–æ–Ω—ã!!!!!!","–Ø —Ö–æ—Ç—å –∏ —á–µ–ª–æ–≤–µ–∫ –ø—Ä–æ—Å—Ç–æ–π, —Å –î–æ–Ω–±–∞—Å—Å–∞, –Ω–æ –≤–∏–∂—É, —á—Ç–æ —É –≤–ª–∞—Å—Ç–∏ –ª—é–¥–∏ –Ω–µ—á–µ—Å—Ç–Ω—ã–µ"
38,"–≤–æ–π–Ω–∞ –≤ –∞–±—Ö–∞–∑–∏–∏,–≥—Ä—É–∑–∏–∏,–ø—Ä–∏–¥–Ω–µ—Å—Ç—Ä–æ–≤—å–µ,—É–∫—Ä–∞–∏–Ω–µ! –∏ –≤—ã,–±–ª—è–¥–∏,–µ—â—ë —Å–ø—Ä–∞—à–∏–≤–∞–µ—Ç–µ?","–í–æ–π–Ω–∞ –≤ –ê–±—Ö–∞–∑–∏–∏, –ì—Ä—É–∑–∏–∏, –ü—Ä–∏–¥–Ω–µ—Å—Ç—Ä–æ–≤—å–µ, –£–∫—Ä–∞–∏–Ω–µ! –ò –≤—ã –µ—â—ë —Å–ø—Ä–∞—à–∏–≤–∞–µ—Ç–µ?"
39,"–≤–æ–π–Ω–∞ –≤ –∞–±—Ö–∞–∑–∏–∏,–≥—Ä—É–∑–∏–∏,–ø—Ä–∏–¥–Ω–µ—Å—Ç—Ä–æ–≤—å–µ,—É–∫—Ä–∞–∏–Ω–µ! –∏ –≤—ã,–±–ª—è–¥–∏,–µ—â—ë —Å–ø—Ä–∞—à–∏–≤–∞–µ—Ç–µ?","–í–æ–π–Ω–∞ –≤ –∞–±—Ö–∞–∑–∏–∏ , –ì—Ä—É–∑–∏–∏, –ü—Ä–∏–¥–Ω–µ—Å—Ç—Ä–æ–≤—å–µ, –£–∫—Ä–∞–∏–Ω–µ ! –ê –≤—ã –µ—â—ë —Å–ø—Ä–∞—à–∏–≤–∞–µ—Ç–µ ?"
40,–ù—É —á—ë —Ç–∞–º? –ï–≥–æ –ø–æ–π–º–∞–ª–∏? –ê—Ä–µ—Å—Ç–æ–≤–∞–ª–∏? –ò —á—ë —Å —Ç–µ–º —á—É—Ä–∫–æ–π –∫–æ—Ç–æ—Ä–æ–º—É –æ–Ω —Å –≤–µ—Ä—Ç—É—Ö–∏ –≤ –µ–±–∞—Å–æ—Å–∏–Ω—É –ø—Ä–æ–ø–∏—Å–∞–ª?,–ù—É —á–µ–º —Ç–∞–º ? –ï–≥–æ –ø–æ–π–º–∞–ª–∏ ? –ê—Ä–µ—Å—Ç–æ–≤–∞–ª–∏ ? –ò —á—Ç–æ —Å —Ç–µ–º –≥—Ä–∞–∂–¥–∞–Ω–∏–Ω–æ–º –∫–æ—Ç–æ—Ä–æ–≥–æ –æ–Ω –Ω–æ–≥–æ–π –≤ –ª–∏—Ü–æ —É–¥–∞—Ä–∏–ª ?
41,"–Ω—É ,–±–ª—è–¥—å,–ª–∏–¥–µ—Ä?–æ—Ö—É–µ—Ç—å!!!!—Å—ä–µ–±–∞–ª–∞—Å—å –∫ –ø—Ä–∏–±–∞–ª—Ç–∞–º!!!—á—É–µ—Ç –∫–æ—à–∫–∞,—á—å—ë –º—è—Å–æ —Å—ä–µ–ª–∞!!!","–õ–∏–¥–µ—Ä? –ß—É—à—å! –£—à–ª–∞ –∫ –ø—Ä–∏–±–∞–ª—Ç–∞–º! –ß—É–µ—Ç –∫–æ—à–∫–∞, —á—å—ë –º—è—Å–æ —Å—ä–µ–ª–∞"
42,—Ö—É—ë–≤–∞—è –≤—ã –≥—Ä—É–ø–ø–∞! –ø—ã—Ç–∞–µ—Ç–µ—Å—å —Ä–∞—Å–∫—Ä—É—Ç–∏—Ç—å—Å—è –Ω–∞ –∏–Ω–≤–∞–ª–∏–¥–∞—Ö! —Ñ—É!,–í—ã –ø—ã—Ç–∞–µ—Ç–µ—Å—å —Å—Ç–∞—Ç—å –ø–æ–ø—É–ª—è—Ä–Ω–µ–µ –∑–∞ —Å—á–µ—Ç –∏–Ω–≤–∞–ª–∏–¥–æ–≤. –ú–Ω–µ —ç—Ç–æ –Ω–µ –Ω—Ä–∞–≤–∏—Ç—Å—è.
43,"–∞ —Ç—ã,—Ç–≤–∞—Ä—å,—Å–µ–±—è —É–∂–µ –≤ —Å–≤–µ—Ä—Ö—á–µ–ª–æ–≤–µ–∫–∏ –∑–∞—á–∏—Å–ª–∏–ª–∞?–Ω–µ –Ω–∞ –Ω–∞—Ä–æ–¥–Ω—ã–µ –¥–µ–Ω—å–≥–∏ —Ö–∞—Ä—é –æ—Ç—ä–µ–ª–∞?–∫—Ç–æ —Ç–µ–±—è –≤—ã–±–∏—Ä–∞–ª?–∏–ª–∏ –∫–∞–∫ –≤–µ–Ω–∏–∫–∞ –≤—Ä–∏–æ –¥–µ–≥—Ç—è—Ä–µ–≤–∞ –Ω–∞–∑–Ω–∞—á–∏–ª —Ü–∞—Ä—å?",–ê –≤—ã —Å–µ–±—è —É–∂–µ –≤ —Å–≤–µ—Ä—Ö–ª—é–¥–∏ –∑–∞–ø–∏—Å–∞–ª–∏? –ù–µ –Ω–∞ –Ω–∞—Ä–æ–¥–Ω—ã–µ –¥–µ–Ω—å–≥–∏ –ª–∏ –≤—ã –∂–∏–≤—ë—Ç–µ? –ö—Ç–æ –≤–∞—Å –≤—ã–±–∏—Ä–∞–ª? –ò–ª–∏ –∫–∞–∫ –≤—Ä–∏–æ –î—è–≥—Ç–µ—Ä–µ–≤–∞ –Ω–∞–∑–Ω–∞—á–∏–ª–∏?
44,"–û, —è —Ç–æ–ø–æ–≤–∞—è —á—Ç–æ–ª–∏? –§–∏–≥–∞—Å–µ...","–û, —è —Ç–æ–ø–æ–≤–∞—è —á—Ç–æ –ª–∏ ? –Ω–µ—É–∂–µ–ª–∏ –ª–∏.."
45,"–ø–∏–¥–∞—Ä–∞—Å—ã —Ç–æ–ª—å–∫–æ –∏ –º–æ–≥—É—Ç –º—É–∑—ã–∫–∞–Ω—Ç–æ–≤ –∞–ª–∫–∞—à–µ–π –∏ —à–ª—é—Ö –∑–∞–¥–µ—Ä–∂–∏–≤–∞—Ç—å, –∞ –∫–∞—Å–Ω–∏—Å—å —á—Ç–æ —Å–µ—Ä—å—ë–∑–Ω–æ–µ —Å–≤–∞—ë –æ—á–∫–æ –ø–æ–¥—Å—Ç–∞–≤—è—Ç üëéüëéüëé","–ü–æ–ª–∏—Ü–∏—è —Ç–æ–ª—å–∫–æ –∏ –º–æ–∂–µ—Ç , –º—É–∑—ã–∫–∞–Ω—Ç–æ–≤ , –ø—å—é—â–∏—Ö –∏ –∂–µ–Ω—â–∏–Ω –ª–µ–≥–∫–æ–≥–æ –ø–æ–≤–µ–¥–µ–Ω–∏—è –∑–∞–¥–µ—Ä–∂–∏–≤–∞—Ç—å , –∞ –∫–æ—Å–Ω–∏—Å—å —á—Ç–æ –ø–æ —Å–µ—Ä—å–µ–∑–Ω–µ–π , –æ–Ω–∏ —Å–∏–¥—è—Ç –≤ —Å–≤–æ–∏—Ö –∫–∞–±–∏–Ω–µ—Ç–∞—Ö!"
46,–≤–∞—Å –±—ã –ø—Ä–∏—Ä—É—á–∏—Ç—å –∑–∞ –≤–∞—à–∏ —Å–ª–æ–≤–∞. –Ω–æ –≤–∞—Å –æ–ø—Ä–∞–≤–¥–∞—é—Ç.—Ç–æ–ª—å–∫–æ –µ–±–∞–Ω—É—Ç—ã–π —Å–º–æ—Ç—Ä—è—Ç –ø—Ä–æ–≥—Ä–∞–º–º—ã –ø–æ —Ç–≤ –∏ —Å—á–∏—Ç–∞—é—Ç —á—Ç–æ —ç—Ç–æ –≤—Å–µ –ø—Ä–∞–≤–¥–∞,–≤–∞—Å –±—ã –ø—Ä–∏—Ä—É—á–∏—Ç—å –∑–∞ –≤–∞—à–∏ —Å–ª–æ–≤–∞. –Ω–æ –≤–∞—Å –æ–ø—Ä–∞–≤–¥–∞—é—Ç. –µ—Å—Ç—å —Å–æ–º–Ω–µ–Ω–∏—è –ø–æ –ø–æ–≤–æ–¥—É –≥—Ä–∞–º–æ—Ç–Ω–æ—Å—Ç–∏ —Å–º–æ—Ç—Ä—è—â–∏—Ö –ø—Ä–æ–≥—Ä–∞–º–º—ã –ø–æ —Ç–≤ –∏ —Å—á–∏—Ç–∞—é—â–∏—Ö —á—Ç–æ —ç—Ç–æ –≤—Å–µ –ø—Ä–∞–≤–¥–∞
47,–ü—Ä–æ—Å—Ç–∏—Ç—É—Ç–∫–∏ –∏ —Å—Ç—Ä–∏–ø—Ç–µ–∑–µ—Ä—à–∏ —Å —Ç–µ—Ä–º–∏–Ω–∞–ª–∞–º–∏ –ø—Ä–∏–µ–∑–∂–∞–ª–∏.,–î–µ–≤—É—à–∫–∏ –Ω–∏–∑–∫–æ–π —Å–æ—Ü–∏–∞–ª—å–Ω–æ–π –æ—Ç–≤–µ—Ç—Å—Ç–≤–µ–Ω–Ω–æ—Å—Ç—å—é –∏ —Ç–∞–Ω—Ü–æ–≤—â–∏—Ü—ã —Å —Ç–µ—Ä–º–∏–Ω–∞–ª–∞–º–∏ –ø—Ä–∏–µ–∑–∂–∞–ª–∏.
48,"—ç—Ç–æ,–Ω–∞–ø—Ä–∏–º–µ—Ä,–∫–∞–∫–æ–º—É –¥—ç–±–∏–ª–æ–∏–¥—É —Ö–æ—Ç—Ü–∞ –ø–æ—Ä—è–¥–∫–∏ –Ω–∞–≤–æ–¥–∏—Ç—å???!!!!!–ø–æ —Å—Ü–µ–Ω–∞—Ä–∏—é=1937 –≥–æ–¥–∞???!!!!","–≠—Ç–æ, –Ω–∞–ø—Ä–∏–º–µ—Ä, –∫–∞–∫–æ–º—É —á–µ–ª–æ–≤–µ–∫—É —Ö–æ—á–µ—Ç—Å—è –ø–æ—Ä—è–¥–∫–∏ –Ω–∞–≤–æ–¥–∏—Ç—å? –ü–æ —Å—Ü–µ–Ω–∞—Ä–∏—é 1937 –≥–æ–¥–∞?"
49,"–ø–æ–ø—ã—Ç–∫–∞ –≤—ã*–±–Ω—É—Ç—å—Å—è? –Ω–µ –≤—ã –æ–¥–Ω–∏ –Ω–µ –ø—å–µ—Ç–µ. –∂–¥–µ—Ç–µ, —á—Ç–æ –≤–∞—Å —Ç—É—Ç –Ω–∞—á–Ω—É—Ç —Ö–≤–∞–ª–∏—Ç—åü§¶‚Äç‚ôÇÔ∏è","–ü–æ—á–µ–º—É –≤—ã —Ö–≤–∞—Å—Ç–∞–µ—Ç–µ—Å—å? –Ω–µ –≤—ã –æ–¥–Ω–∏ –Ω–µ —É–ø–æ—Ç—Ä–µ–±–ª—è–µ—Ç–µ –∞–ª–∫–æ–≥–æ–ª—å, –Ω–µ –∂–¥–∏—Ç–µ —á—Ç–æ –≤–∞—Å —Ç—É—Ç —Å—Ç–∞–Ω—É—Ç —Ö–≤–∞–ª–∏—Ç—å"
50,"–ü–æ–¥—Å—Ç–∞–≤–∏–ª —Ç—ã –í–∞—Å—é,–∞–≤—Ç–æ—Ä. –ü–æ–¥–ª–æ –ø—Ä–∏—á–µ–º.","–ù–µ –ø—Ä–∞–≤–∏–ª—å–Ω–æ —Ç—ã —Å–¥–µ–ª–∞–ª –ê–≤—Ç–æ—Ä  , –ø—Ä–µ–¥–∞–ª –í–∞—Å—é , –Ω–µ –ø—Ä–∞–≤–∏–ª—å–Ω–æ –ø—Ä–∏—á—ë–º"
51,"—É–∫—Ä–∞–∏–Ω–∞-–æ–±—Ä–∞–∑–µ—Ü –¥–æ–ª–±–æ–µ–±–∏–∑–º–∞! –º–∞—Å—Ç–µ—Ä–∞ –∏–∑ –≤–∞—à–∏–Ω–≥—Ç–æ–Ω–∞ –ø–æ—Å—Ç–∞—Ä–∞–ª–∏—Å—å ,–≤—Å–µ –∏–º —É–¥–∞–ª–æ—Å—å! —Å–ª–µ–¥—É—é—â–∞—è –±–µ–ª–∞—Ä—É—Å—Å–∏—è!","–£–∫—Ä–∞–∏–Ω–∞ - –Ω–µ –ª—É—á—à–∏–π –æ–±—Ä–∞–∑–µ—Ü –¥–ª—è –ø–æ–¥—Ä–∞–∂–∞–Ω–∏—è! –ò–∑ –í–∞—à–∏–Ω–≥—Ç–æ–Ω–∞ —Ö–æ—Ä–æ—à–æ –ø–æ—Å—Ç–∞—Ä–∞–ª–∏—Å—å, –≤—Å–µ –∏–º —É–¥–∞–ª–æ—Å—å 
–°–ª–µ–¥—É—é—â–∞—è - –ë–µ–ª–∞—Ä—É—Å—å!"
52,"–æ–Ω —á—Ç–æ –¥–æ–ª–±–æ–µ–± —Ç–∞–∫–∏–µ —à—Ç—Ä–∞—Ñ—ã,–ø—Ä–æ—Å—Ç–æ–π –ª—é–¥ —Ç–∞–∫–∏—Ö –¥–µ–Ω–µ–≥ –≤ –≥–ª–∞–∑–∞ –Ω–µ –≤–∏–¥–µ–ª,–∏–¥–∏–æ—Ç,–∑–∞—Ä–ø–ª–∞—Ç–∞ 10 —Ç—ã—Å—è—á","–û–Ω —á—Ç–æ —Å —É–º–∞ —Å–æ—à—ë–ª, —Ç–∞–∫–∏–µ —à—Ç—Ä–∞—Ñ—ã? –ü—Ä–æ—Å—Ç—ã–µ –ª—é–¥–∏ —Ç–∞–∫–∏—Ö –¥–µ–Ω–µ–≥ –≤ –≥–ª–∞–∑–∞ –Ω–µ –≤–∏–¥–µ–ª–∏, –∑–∞—Ä–ø–ª–∞—Ç–∞ 10.000"
53,"–î–∞,–ø–æ–º–Ω–∏—Ç—Å—è –±—ã–ª –≤ –õ—ç–Ω–≥–ª–∏ –º–∞–π–æ—Ä –•—Ä–æ–º—á–µ–Ω–∫–æ,—Ç–æ—Ç —Ç–∞–∫ –∏ –≥–æ–≤–æ—Ä–∏–ª,–º–æ–ª —á–µ–º –¥–µ–±–∏–ª—å–Ω–µ–µ —Ç–µ–º –ª—É—á—à–µ. —É–ø—Å...","–î–∞, –ø–æ–º–Ω–∏—Ç—Å—è –±—ã–ª –≤ –õ—ç–Ω–≥–ª–∏ –º–∞–π–æ—Ä –•—Ä–æ–º—á–µ–Ω–∫–æ, —Ç–æ—Ç —Ç–∞–∫ –∏ –≥–æ–≤–æ—Ä–∏–ª, –º–æ–ª —á–µ–º —Ö—É–∂–µ, —Ç–µ–º –ª—É—á—à–µ. –£–ø—Å"
54,—Ç—ã –¥–∞–∂–µ –Ω–µ –ø—Ä–µ–¥—Å—Ç–∞–≤–ª—è–µ—à —É—Ä–æ–¥ —á—Ç–æ –±—É–¥–µ—Ç.,"—Ç—ã –¥–∞–∂–µ –Ω–µ –ø—Ä–µ–¥—Å—Ç–∞–≤–ª—è–µ—à—å, —á–µ–ª–æ–≤–µ–∫ —Å –∞–ª—å—Ç–µ—Ä–Ω–∞—Ç–∏–≤–Ω–æ–π –≤–Ω–µ—à–Ω–æ—Å—Ç—å—é, —á—Ç–æ –±—É–¥–µ—Ç"
55,–¢–µ–ø–µ—Ä—å –≥–µ–µ–≤ –Ω–∞ —Ñ—É—Ä–∞—Ö —Ä–µ–∫–ª–∞–º–∏—Ä—É—é—Ç,–¢–µ–ø–µ—Ä—å –ª—é–¥–µ–π —Å –Ω–µ—Ç—Ä–∞–¥–∏—Ü–∏–æ–Ω–Ω–æ–π —Å–µ–∫—Å—É–∞–ª—å–Ω–æ–π –æ—Ä–∏–µ–Ω—Ç–∞—Ü–∏–µ–π –Ω–∞ —Ñ—É—Ä–∞—Ö —Ä–µ–∫–ª–∞–º–∏—Ä—É—é—Ç
56,"–ò—Å–∫—Ä–µ–Ω–Ω–µ –∂–µ–ª–∞—é,—á—Ç–æ–± –Ω–∞—à–ª–∏—Å—å —Ö–æ–∑—è–µ–≤–∞.–í–∞—Å –ø–æ–Ω–∏–º–∞—é,–Ω–µ –ª–µ–≥–∫–æ –≤–∞–º.–ü—É—Å—Ç—å –≤—Å–µ —Ä–µ—à–∏—Ç—Å—è –¥–æ–±—Ä–æ–º!!!","–ò—Å–∫—Ä–µ–Ω–Ω–µ –∂–µ–ª–∞—é, —á—Ç–æ–± –Ω–∞—à–ª–∏—Å—å —Ö–æ–∑—è–µ–≤–∞. –í–∞—Å –ø–æ–Ω–∏–º–∞—é, –Ω–µ –ª–µ–≥–∫–æ –≤–∞–º. –ü—É—Å—Ç—å –≤—Å–µ —Ä–µ—à–∏—Ç—Å—è –¥–æ–±—Ä–æ–º!!!"
57,–Ω–∞—Ä–æ–¥ –≤—ã –ø–æ—Å–º–æ—Ç—Ä–∏—Ç–µ —á—Ç–æ –≤–ª–∞—Å—Ç—å —Å–∫–æ—Ç—Å–∫–∞—è –¥–µ–ª–∞–µ—Ç. –æ–ø—è—Ç—å –ø–æ–º–æ—â—å –≤—Å–µ–º —Ç–æ–ª—å–∫–æ –Ω–µ —Å–≤–æ–∏–º. —Ç–≤–∞—Ä–∏...,"–ü–æ—Å–º–æ—Ç—Ä–∏—Ç–µ , —á—Ç–æ –¥–µ–ª–∞–µ—Ç –≤–ª–∞—Å—Ç—å . –í–Ω–æ–≤—å –æ–∫–∞–∑—ã–≤–∞—é—Ç –ø–æ–º–æ—â—å , –Ω–æ —Ç–æ–ª—å–∫–æ –Ω–µ –∂–∏—Ç–µ–ª—è–º —Å–≤–æ–µ–π –∂–µ —Å—Ç—Ä–∞–Ω—ã."
58,"–ø—Ä–∏–¥—É—Ä–∫–∏,–Ω–µ —Ç—Ä–æ–≥–∞–π—Ç–µ –∫–æ—Ç–∏–∫–∞!—á—Ç–æ –≤—ã –µ–≥–æ –¥–µ—Ä–≥–∞–µ—Ç–µ?–∞ –µ—Å–ª–∏ –≤–∞—Å —Ç–∞–∫?","–õ—é–¥–∏, –Ω–µ —Ç—Ä–æ–≥–∞–π—Ç–µ –∫–æ—Ç–∏–∫–∞! –ß—Ç–æ –≤—ã –µ–≥–æ –¥—ë—Ä–≥–∞–µ—Ç? –ê –µ—Å–ª–∏ –≤–∞—Å —Ç–∞–∫?"
59,—Ç–∞–∫–∏–º –≤–∞–Ω–¥–∞–ª–∞–º –Ω–∞–¥–æ —Ä—É—á–µ–Ω–∫–∏ –æ—Ç—Ä—É–±–∞—Ç—å,–ö —Ç–∞–∫–∏–º –≤–∞–Ω–¥–∞–ª–∞–º –Ω–∞–¥–æ –±–æ–ª–µ–µ –∂–µ—Å—Ç–∫–∏–µ –º–µ—Ä—ã –ø—Ä–∏–Ω–∏–º–∞—Ç—å
60,"–Ω–∞ —Ä—ã–Ω–∫–µ-–º—É–∂—á–∏–Ω–∞ ,—É –≤–∞—Å –µ—Å—Ç—å –∞—Ä–±—É–∑ –¥–µ–≤–æ—á–∫–∞? —ç—ç,—Å–ª—é—à–∞–π,–∫–∞–∫–æ–π –¥—ç–≤–æ—á–∫–∞,—ç—Ç–æ –≥–æ–ª–∞–Ω–¥—Å–∫–∏–π —Å–æ—Ä—Ç-–æ–¥–Ω–∏ –ø–∏–¥–∞—Ä–∞—Å—ã.","–ù–∞ —Ä—ã–Ω–∫–µ- –º—É–∂—á–∏–Ω–∞, —É –≤–∞—Å –µ—Å—Ç—å –∞—Ä–±—É–∑ –¥–µ–≤–æ—á–∫–∞? –≠—Ö, —Å–ª—É—à–∞–π, –∫–∞–∫–æ–π –¥–µ–≤–æ—á–∫–∞, —ç—Ç–æ –≥–æ–ª–ª–∞–Ω–¥—Å–∫–∏–π —Å–æ—Ä—Ç-–æ–¥–Ω–∏ –Ω–µ–ª—é–¥–∏"
61,"—Å–≤–æ–ª–æ—á–∏,–æ–¥–Ω–∏–º —Å–ª–æ–≤–æ–º,—Å–æ —Å–≤–æ–∏–º–∏ –∑–∞–∫–æ–Ω–∞–º–∏,–¥–∞–ª–∏ –±—ã –µ–º—É —ç—Ç–∏—Ö —à–æ–∫–æ–ª–∞–¥–æ–∫,–Ω–µ –æ–±–µ–¥–Ω–µ–ª–æ –±—ã –≥–æ—Å—É–¥–∞—Ä—Å—Ç–≤–æ","–ñ–∞–¥–Ω—ã–µ, –æ–¥–Ω–∏–º —Å–ª–æ–≤–æ–º, —Å–æ —Å–≤–æ–∏–º–∏ –∑–∞–∫–æ–Ω–∞–º–∏, –¥–∞–ª–∏ –±—ã –µ–º—É —ç—Ç–∏—Ö —à—Ä–∫–æ–ª–∞–¥–æ–∫, –Ω–µ –æ–±–µ–¥–Ω–µ–ª–æ –±—ã –≥–æ—Å—É–¥–∞—Ä—Å—Ç–≤–æ"
62,"–∞ —Ç–µ–ø–µ—Ä—å –∏ –æ—Ç—Å–æ—Å–µ—Ç...–∞–º–µ—Ä–∏–∫–µ, –µ—Å...–ø–æ—Ç–æ–º —É–∫—Ä–µ!:)","–∞ —Ç–µ–ø–µ—Ä—å —É—Å—Ç—É–ø–∏—Ç –≤–æ –≤—Å–µ–º ...–∞–º–µ—Ä–∏–∫–µ, –µ—Å... –ø–æ—Ç–æ–º —É–∫—Ä–∞–∏–Ω–µ"
63,"–®–∞—Ä–∏—è –æ–Ω –∑–Ω–∞—Ç–Ω–æ —Ä–∞–∑—ä–µ–±–∞–ª, —É —Ç–æ–≥–æ –∞–∂ –ø–µ—Ä–¥–∞–∫ —Å–≥–æ—Ä–µ–ª.","–®–∞—Ä–∏—è –æ–Ω –ø–µ—Ä–µ—Å–ø–æ—Ä–∏–ª —Å–æ –∑–Ω–∞–Ω–∏–µ–º –¥–µ–ª–∞, —Ç–æ—Ç –¥–∞–∂–µ –∏ –Ω–µ —Å–º–æ–≥ –Ω–∏—á–µ–≥–æ –≤ –æ—Ç–≤–µ—Ç —Å–∫–∞–∑–∞—Ç—å."
64,—Ö–æ—Ö–ª—ã –µ–±–∞–Ω—É—Ç—ã–µ---–∞ —á—Ç–æ –æ–Ω–∏ —Ö–æ—Ç–µ–ª–∏ –≤ –∏–Ω—Ñ–∞—Ä–º–∞—Ü–∏–æ–Ω–Ω–æ–π –≤–æ–π–Ω–µ------–¥–∏–≤–∏–∑–∏–∏ –±—É—Ä—è—Ç–æ–≤ –æ–Ω–∏ –≤–∏–¥–µ–ª–∏----–∫–∞–Ω—Ç–∏–º–∏—Ä–æ–≤—Å–∫—É—é –¥–∏–≤–∏–∑–∏—é –æ–Ω–∏ –≤–∏–¥–µ–ª–∏---–ø—Å–∫–æ–≤—Å–∫–∏—Ö –¥–µ—Å–∞–Ω—Ç–Ω–∏–∫–æ–≤ –æ–Ω–∏ –≤–∏–¥–µ–ª–∏---—Ç–∞–∫ –∏ —á—Ç–æ*,"–£–∫—Ä–∞–∏–Ω—Å–∫–∏–π –Ω–∞—Ä–æ–¥ –∞ —á—Ç–æ –æ–Ω–∏ —Ö–æ—Ç–µ–ª–∏ –≤ –∏–Ω—Ñ–æ—Ä–º–∞—Ü–∏–æ–Ω–Ω–æ–π –≤–æ–π–Ω–µ –¥–∏–≤–∏–∑–∏–∏ –ë—É—Ä—è—Ç–∏–∏ –æ–Ω–∏ –≤–∏–¥–µ–ª–∏, –∫–∞–Ω—Ç–∏–º–∏—Ä–æ–≤—Å–∫—É—é –¥–∏–≤–∏–∑–∏—é –æ–Ω–∏ –≤–∏–¥–µ–ª–∏ –ø—Å–∫–æ–≤—Å–∫–∏—Ö –¥–µ—Å–∞–Ω—Ç–Ω–∏–∫–æ–≤ –æ–Ω–∏ –≤–∏–¥–µ–ª–∏, —Ç–∞–∫ –∏ —á—Ç–æ?"
65,"—Å–∫–æ–ª—å–∫–æ –±—ã –Ω–µ –±—ã–ª–æ, –ø–∏–¥–æ—Ä –µ—Å—Ç—å –ø–∏–¥–æ—Ä! –µ—â—ë —ç—Ç–æ–≥–æ –ø–∏–¥–æ—Ä–∞ –Ω–µ –æ–±—Å—É–∂–¥–∞–ª–∏,—á—Ç–æ –±–æ–ª—å—à–µ –Ω–µ—á–µ–≥–æ –¥–µ–ª–∞—Ç—å??","–°–∫–æ–ª—å–∫–æ –±—ã –Ω–µ –±—ã–ª–æ, –ø–ª–æ—Ö–æ–π —á–µ–ª–æ–≤–µ–∫, –µ—Å—Ç—å –ø–ª–æ—Ö–æ–π —á–µ–ª–æ–≤–µ–∫! –ï—â–µ —ç—Ç–æ —á–µ–ª–æ–≤–µ–∫–∞ –Ω–µ –æ–±—Å—É–∂–¥–∞–ª–∏, —á—Ç–æ –±–æ–ª—å—à–µ –Ω–µ—á–µ–≥–æ –¥–µ–ª–∞—Ç—å??"
66,"–¥–æ–ª–±–æ—ë–±!)))–º–µ–Ω—è –∏ —Ç–∞–∫ —É—Å—Ç—Ä–∞–∏–≤–∞–µ—Ç.—Å–º–æ—Ç—Ä—é —Ç—É—Ç –≤—Å–µ —Å—Ä–∞–∑—É –Ω–∞–±–µ–∂–∞–ª–∏.—Ç–µ–º—ã —Å—Ç–∞–ª–∏ –∫–∏–¥–∞—Ç—å –∏ –∫–æ–º–µ–Ω—Ç—ã. –ø—Ä–æ—Å–Ω—É–ª–∏—Å—å,–≤–∏–¥–∞—Ç—å –ª—é–¥–∏.","–†–µ–¥–∏—Å–∫–∞ !)) –ú–µ–Ω—è –∏ —Ç–∞–∫ —É—Å—Ç—Ä–∞–∏–≤–∞–µ—Ç. –°–º–æ—Ç—Ä—é —Ç—É—Ç –≤—Å–µ —Å—Ä–∞–∑—É –Ω–∞–±–µ–∂–∞–ª–∏.—Ç–µ–º—ã —Å—Ç–∞–ª–∏ –∫–∏–¥–∞—Ç—å –∏ –∫–æ–º–µ–Ω—Ç—ã. –ø—Ä–æ—Å–Ω—É–ª–∏—Å—å,–≤–∏–¥–∞—Ç—å –ª—é–¥–∏."
67,—ç—Ç–æ –Ω–µ –ø—Ä–æ –Ω—ã–Ω–µ—à–Ω–µ–µ –ø–æ–∫–æ–ª–µ–Ω–∏–µ. –≤—Å–µ –ª–µ–Ω—Ç—è–π–∫–∏ –∏ –∑–∞—Å—Ä–∞–Ω–∫–∏,–≠—Ç–æ –Ω–µ –ø—Ä–æ –Ω—ã–Ω–µ—à–Ω–µ–µ –ø–æ–∫–æ–ª–µ–Ω–∏–µ. –í—Å–µ –Ω–µ —Ö–æ—Ç—è—Ç —Ç—Ä—É–¥–∏—Ç—å—Å—è –∏ —Å–ª–µ–¥–∏—Ç—å –∑–∞ –ø–æ—Ä—è–¥–∫–æ–º
68,–≤–ª—é–±–ª—è—é—Å—å –≤—Ç–æ—Ä–æ–π —Ä–∞–∑ –∑–∞ –¥–≤–∞ –¥–Ω—è.—à–ª—é—Ö–∞:(((((((,"–≤–ª—é–±–ª—è—é—Å—å –≤—Ç–æ—Ä–æ–π —Ä–∞–∑ –∑–∞ –¥–≤–∞ –¥–Ω—è, –¥–µ–≤—É—à–∫–∞ –ª–µ–≥–∫–æ–≥–æ –ø–æ–≤–µ–¥–µ–Ω–∏—è"
69,"–°–Ω—è–ª–∞,–±–ª—è—Ç—å –¥–µ–Ω—å–≥–∏.–∫–∞—Ä—Ç—É –≤–∑—è–ª–∞,–∞ –¥–µ–Ω—å–≥–∏ –≤–∑—è—Ç—å –∑–∞–±—ã–ª–∞,–ø–∏–∑–¥–µ—Ü.–æ—Å—Ç–∞–ª–∞—Å—å –±–µ–∑ –¥–µ–Ω–µ–≥((","–°–Ω—è–ª–∞ –¥–µ–Ω—å–≥–∏, –∫–∞—Ä—Ç—É –≤–∑—è–ª–∞, –∞ –¥–µ–Ω—å–≥–∏ –≤–∑—è—Ç—å –∑–∞–±—ã–ª–∞, –∫–∞–ø–µ—Ü. –û—Å—Ç–∞–ª–∞—Å—å –±–µ–∑ –¥–µ–Ω–µ–≥"
70,"–¢–∞–∫ –∑–∞–µ–±–∞–ª–∞ —ç—Ç–æ —Ö—É–π–Ω—è –≤ –∂–∏–∑–Ω–∏!!!!!!!!!!–ö–æ–≥–¥–∞ —É –º–µ–Ω—è –≤—Å—ë –±—É–¥–µ—Ç —Ö–æ—Ä–æ—à–æ??????(((–ò–∑–≤–µ–Ω–∏—Ç–µ, –Ω–æ —É –º–µ–Ω—è –Ω–∞–∫–∏–ø–µ–ª–æ!!!!!!!","–¢–∞–∫ –Ω–∞–¥–æ–µ–ª–∞ —ç—Ç–∞ –µ—Ä—É–Ω–¥–∞ –≤ –∂–∏–∑–Ω–∏! –ö–æ–≥–¥–∞ —É –º–µ–Ω—è –≤—Å–µ –±—É–¥–µ—Ç —Ö–æ—Ä–æ—à–æ? (–∏–∑–≤–∏–Ω–∏—Ç–µ, –Ω–æ —É –º–µ–Ω—è –Ω–∞–∫–∏–ø–µ–ª–æ! )"
71,"–°–µ–≥–æ–¥–Ω—è —à–ª–∞ –ø–æ —É–ª–∏—Ü–µ, –µ–±–Ω—É–ª–∞—Å—å, –∑–∞–¥–Ω–∏—Ü—É –æ—Ç–±–∏–ª–∞—é. –û–±–∏–¥–Ω–æ:(","–°–µ–≥–æ–¥–Ω—è —à–ª–∞ –ø–æ —É–ª–∏—Ü–µ –∏ —É–ø–∞–ª–∞, –æ—Ç–±–∏–ª–∞ —Å–µ–±–µ –ø—è—Ç—É—é —Ç–æ—á–∫—É. –û—á–µ–Ω—å –æ–±–∏–¥–Ω–æ"
72,"- –í–∏–∫,–ø–æ–¥—Å—Ç—Ä–∏—á—å —á–µ–ª–∫—É?-–¢—ã —á–µ –µ–±–∞–Ω—É—Ç–∞—è?–ù—É,–µ—Å–ª–∏ –±—É–¥–µ—à—å —Å—Ç—Ä–∏—á—å,–ø–æ–∑–æ–≤–∏ –î–∏–ª—é –∏ –°–∞–Ω—é","–í–∏–∫,–ø–æ–¥—Å—Ç—Ä–∏—á—å —á–µ–ª–∫—É?-—Ç—ã —á—Ç–æ? –ù–µ —Å—Ç–æ–∏—Ç —ç—Ç–æ–≥–æ –¥–µ–ª–∞—Ç—å. –ù—É,–µ—Å–ª–∏ –±—É–¥–µ—à—å —Å—Ç—Ä–∏—á—å,–ø–æ–∑–æ–≤–∏ –î–∏–ª—é –∏ –°–∞–Ω—é"
73,"–ö–ê–ù–ï–®–ù–ê!!–í –∫–ª–∞—Å—Å–µ –Ω–∏–∫—Ç–æ –Ω–∏—Ö—É—è –Ω–µ –≤—ã—É—á–∏–ª,–∞ —Å–ø—Ä–∞—à–∏–≤–∞—é—Ç –º–µ–Ω—è...—è –ø–æ–±–µ–¥–∏—Ç–µ–ª—å :(","–ö–æ–Ω–µ—á–Ω–æ! –í –∫–ª–∞—Å—Å–µ –Ω–∏–∫—Ç–æ –Ω–∏—á–µ–≥–æ –Ω–µ –≤—ã—É—á–∏–ª, –∞ —Å–ø—Ä–∞—à–∏–≤–∞—é—Ç –º–µ–Ω—è... —è –ø–æ–±–µ–¥–∏—Ç–µ–ª—å :("
74,"–ø—è—Ç–Ω–∏—Ü–∞ 13-–Ω–∞—á–∞–ª–∞—Å—å –æ—á–µ–Ω—å —Ö—É–µ–≤–æ..—Å–∫–∞ ,–±–µ—Å–∏—Ç –≤—Å–µ,–Ω–µ –≤—ã—Å–ø–∞–ª–∞—Å—å,—ç—Ç–æ –Ω–µ  –º–æ–π –¥–µ–Ω—å,–Ω–µ—Ä–≤–Ω–∞—è —ç—Ç–æ –ø–∑—Ü((","–ü—è—Ç–Ω–∏—Ü–∞ —Ç—Ä–∏–Ω–∞–¥—Ü–∞—Ç–æ–≥–æ –Ω–∞—á–∞–ª–∞—Å—å –æ—á–µ–Ω—å –ø–ª–æ—Ö–æ. –ë–µ—Å–∏—Ç –≤—Å—ë, –Ω–µ –≤—ã—Å–ø–∞–ª–∞—Å—å. –≠—Ç–æ –Ω–µ –º–æ–π –¥–µ–Ω—å, –Ω–µ—Ä–≤–Ω–∞—è –æ—á–µ–Ω—å."
75,"–ø—è—Ç–Ω–∏—Ü–∞ 13-–Ω–∞—á–∞–ª–∞—Å—å –æ—á–µ–Ω—å —Ö—É–µ–≤–æ..—Å–∫–∞ ,–±–µ—Å–∏—Ç –≤—Å–µ,–Ω–µ –≤—ã—Å–ø–∞–ª–∞—Å—å,—ç—Ç–æ –Ω–µ  –º–æ–π –¥–µ–Ω—å,–Ω–µ—Ä–≤–Ω–∞—è —ç—Ç–æ –ø–∑—Ü((","–ü—è—Ç–Ω–∏—Ü–∞ 13 –Ω–∞—á–∞–ª–æ—Å—å –æ—á–µ–Ω—å –ø–ª–æ—Ö–æ   –≤—Å—ë –¥–æ—Å—Ç–∞–ª–æ ,–Ω–µ –≤—ã—Å–ø–∞–ª–∞—Å—å ,—ç—Ç–æ –Ω–µ –º–æ–π –¥–µ–Ω—å ,–Ω–µ—Ä–≤–Ω–∞—è –æ—á–µ–Ω—å"
76,"–±–ª—è,—Ö–∑ –∫–∞–∫ –≤—ä–µ–±–∞—Ç—å –ø—Å–∏—Ö–æ–ª–æ–≥–∏—é,—á—Ç–æ–±—ã —É—Å–ø–µ—Ç—å –Ω–∞ –≥–æ—Ä–∫—É,–±–ª–∏–Ω(","–ë–ª–∏–Ω, –Ω–µ –∑–Ω–∞—é –∫–∞–∫ –≤—ã—É—á–∏—Ç—å –ø—Å–∏—Ö–æ–ª–æ–≥–∏—é , —á—Ç–æ–±—ã —É—Å–ø–µ—Ç—å –Ω–∞ –≥–æ—Ä–∫—É, –±–ª–∏–Ω("
77,–Ω—É –∫–∞–∫ —Ç–∞–∫...–∫—Ä–∏–≤–æ–∂–æ–ø—ã–π(,"–í–∏–¥–∏–º–æ –¥–∞–Ω–Ω–æ–µ –¥–µ–π—Å—Ç–≤–∏–µ –Ω–µ —Ç–≤–æ—ë, –Ω–∏—á–µ–≥–æ –Ω–µ –ø–æ–ª—É—á–∏–ª–æ—Å—å"
78,"—è –ª–æ—Ö,–ª–æ—Ö,—Å–∞–º—ã–π –ø–æ–±–µ–¥–∏—Ç–µ–ª—å –ø–æ –∂–∏–∑–Ω–∏!–°—Ç—Ä—ã–∫–∞–ª–æ –≤—ã—Å—Ç—É–ø–∞–µ—Ç –≤ –ö–∏–µ–≤–µ 22 –¥–µ–∫–∞–±—Ä—è,–Ω–æ –±–ª—è –±–∏–ª–µ—Ç–æ–≤ —É–∂–µ –Ω–µ—Ç((–ø–æ—á–µ–º—É?–ø–æ—á–µ–º—É??—è –æ–æ—á–µ–Ω—å —Ö–æ—á—É –Ω–∞ –∫–æ–Ω—Ü–µ—Ä—Ç(","–Ø –ø–æ–±–µ–¥–∏—Ç–µ–ª—å –ø–æ –∂–∏–∑–Ω–∏. –°—Ç—Ä—ã–∫–∞–ª–æ –≤—ã—Å—Ç—É–ø–∞–µ—Ç –≤ –ö–∏–µ–≤–µ 22 –¥–µ–∫–∞–±—Ä—è, –Ω–æ –±–∏–ª–µ—Ç–æ–≤ —É–∂–µ –Ω–µ—Ç. –ü–æ—á–µ–º—É ? –Ø –æ—á–µ–Ω—å —Ö–æ—á—É –Ω–∞ –∫–æ–Ω—Ü–µ—Ä—Ç"
79,–ª–∞–ª—Ç–∞ –≤–∞–ø—â–µ—Ö—É–π–Ω—è –∫–∞–∫–∞—è-—Ç–æ–Ω–∏—á–µ–≥–æ –Ω–µ –ø–æ—Å–æ–º—Ç—Ä–µ—Ç—å(((99,"–ª–∞–ª—Ç–∞ –≤–æ–æ–±—â–µ –µ—Ä—É–Ω–¥–∞ –∫–∞–∫–∞—è-—Ç–æ, –Ω–∏—á–µ–≥–æ –Ω–µ –ø–æ—Å–º–æ—Ç—Ä–µ—Ç—å ((("
80,"—Ç–∏–ø–∏—á–Ω–∞—è —Ñ–∏–∑—Ä–∞:–û–ª—è –±—å—ë—Ç –°–∞—à—É. –°–∞—à–∞ –±—å—ë—Ç –û–ª—é. –û–ª—è –æ—Ä—ë—Ç: ""—Ç—ã —á—ë, –¥–∏–±–∏–ª —á—Ç–æ –ª–∏?!""—è –≤ —ç—Ç–æ –≤—Ä–µ–º—è –∫—Ä–∏—á—É –î–†–ê–ö–ê–ê–ê–ê–ê!!!!!!1–Ω–∞ —ç—Ç–æ–º –∏ —Ä–∞—Å—Ö–æ–¥—è—Ç—Å—è :(","—Ç–∏–ø–∏—á–Ω–∞—è —Ñ–∏–∑—Ä–∞ : –û–ª—è –±—å–µ—Ç –°–∞—à—É.–°–∞—à–∞ –±—å–µ—Ç –û–ª—é. –û–ª—è –æ—Ä–µ—Ç: ¬´—Ç—ã —á—Ç–æ , —Å–æ–≤—Å–µ–º —á—Ç–æ –ª–∏ ?! —è –≤ —ç—Ç–æ –≤—Ä–µ–º—è –∫—Ä–∏—á—É –î–†–ê–ö–ê–ê–ê !!! –Ω–∞ —ç—Ç–æ–º –∏ —Ä–∞—Å—Ö–æ–¥—è—Ç—Å—è :("
81,"–û–î–ò–ù –ù–ï –†–ê–ó–ë–ï–†–Å–¢,–ß–ï–ú –ü–ê–•–ù–£–¢ –†–û–ó–´. –î–†–£–ì–û–ô –ò–ó –ì–û–†–¨–ö–ò–• –¢–†–ê–í –î–û–ë–£–î–ï–¢ –ú–Å–î. –î–ê–ô –•–õ–ï–ë–ê –û–î–ù–û–ú–£-–ù–ê –í–ï–ö –ó–ê–ü–û–ú–ù–ò–¢. –î–†–£–ì–û–ú–£ –ñ–ò–ó–ù–¨ –ü–û–ñ–ï–†–¢–í–£–ô- –ù–ï –ü–û–ô–ú–Å–¢ (","–û–¥–∏–Ω –Ω–µ –ø–æ–Ω–∏–º–∞–µ—Ç, —á–µ–º –ø–∞—Ö–Ω—É—Ç —Ä–æ–∑—ã. –î—Ä—É–≥–æ–π —É–º–µ–µ—Ç –∏–∑ –≥–æ—Ä—å–∫–∏—Ö —Ç—Ä–∞–≤ –¥–æ–±—ã—Ç—å –º—ë–¥. –î—Ä—É–≥–æ–º—É –µ—Å–ª–∏ –¥–∞—Ç—å —Ö–ª–µ–±, —Ç–æ –æ–Ω –Ω–µ –∑–∞–±—É–¥–µ—Ç —Ç–µ–±—è. –ï—â—ë –¥—Ä—É–≥–æ–º—É –∂–∏–∑–Ω—å –ø–æ–∂–µ—Ä—Ç–≤—É–µ—à—å-–Ω–µ –ø–æ–π–º—ë—Ç."
82,"–ë–ª—è—Ç—å –Ω—É –∑–∞—á–µ–º:((( –Ω–µ–Ω–∞–≤–∏–∂—É —ç—Ç–æ —Å–æ—Å—Ç–æ—è–Ω–∏–µ, —á—Ç–æ–± –µ–≥–æ",–ù—É –∑–∞—á–µ–º –≤—Å–µ —ç—Ç–æ. –ù–µ–Ω–∞–≤–∏–∂—É —ç—Ç–æ —Å–æ—Å—Ç–æ—è–Ω–∏–µ. –õ—É—á—à–µ –±—ã –µ–≥–æ –Ω–µ –±—ã–ª–æ.
83,"–ù–µ–Ω–∞–≤–∏–∂—É,–∫–æ–≥–¥–∞ –≤ –º–∞—Ä—à—Ä—É—Ç–∫–µ –ø–∏–∑–¥—è—Ç –±–µ–∑ —É–º–æ–ª–∫—É,–∞ —É –Ω–∏—Ö –≤–æ–Ω—è–µ—Ç –∏–∑–æ —Ä—Ç–∞.—Ñ—É=(","–ù–µ –ª—é–±–ª—é , –∫–æ–≥–¥–∞ –≤ –º–∞—Ä—à—Ä—É—Ç–∫–µ –≥–æ–≤–æ—Ä—è—Ç –±–µ–∑ —É–º–æ–ª–∫—É, –∞ —É –Ω–∏—Ö –Ω–µ–ø—Ä–∏—è—Ç–Ω—ã–π –∑–∞–ø–∞—Ö –∏–∑–æ —Ä—Ç–∞."
84,–°—É–∫–∞ –∂–∏–≤–æ—Ç –±–æ–ª–∏—Ç.–ø–æ—Ö–æ–¥—É –Ω–∞ —Ç—Ä–µ–Ω—é –Ω–µ –ø–æ–µ–¥—É(,"–ò–∑ –∑–∞ —Ç–æ–≥–æ, —á—Ç–æ —É –º–µ–Ω—è –±–æ–ª–∏—Ç –∂–∏–≤–æ—Ç, —è –Ω–µ –ø–æ–ø–∞–¥–∞—é –Ω–∞ —Ç—Ä–µ–Ω–∏—Ä–æ–≤–∫—É."
85,–°–æ—Ä–≤–∞–ª–∞—Å—å –∏ —Å–æ–∂—Ä–∞–ª–∞ —à–æ–∫–æ–ª–∞–¥–∫—É..–±–µ–∑–≤–æ–ª—å–Ω–æ–µ —á–º–æ(,"–£ –º–µ–Ω—è —Å–æ–≤—Å–µ–º –Ω–µ—Ç —Å–∏–ª—ã –≤–æ–¥–∏, —Å–æ—Ä–≤–∞–ª–∞—Å—å –∏ —Å—ä–µ–ª–∞ —à–æ–∫–æ–ª–∞–¥–∫—É."
86,"–≤–æ—Ç –∫–∞–∂–¥—ã–π –¥–µ–Ω—å —É–∑–Ω–∞—é,–∫—Ç–æ –≤ –∫–ª–∞—Å—Å–µ –Ω–∞ –∫–æ–≥–æ –≤ —Ç–∏—Ö—É—é –ø–∏–∑–¥–∏—Ç–≤—ã —á–µ —Ç–∞–∫–∏–µ –∫—Ä—ã—Å—ã —Ç–æ?:(","–í–æ—Ç –∫–∞–∂–¥—ã–π –¥–µ–Ω—å —É–∑–Ω–∞—é, –∫—Ç–æ –≤ –∫–ª–∞—Å—Å–µ –Ω–∞ –∫–æ–≥–æ –≤ —Ç–∏—Ö—É—é –≥–æ–≤–æ—Ä–∏—Ç , —á—Ç–æ –≤—ã —Ç–∞–∫–∏–µ –Ω–µ—Ö–æ—Ä–æ—à–∏–µ —Ç–æ ?"
87,"–≤–æ—Ç –ø–∏–¥–æ—Ä, –∞((","–í–æ—Ç –Ω–µ —Ö–æ—Ä–æ—à–∏–π —á–µ–ª–æ–≤–µ–∫, –∞ (("
88,#ERROR!,–õ—É—á—à–µ –Ω–µ –±—É–¥–µ–º —Ä—É–≥–∞—Ç—å—Å—è –¥—Ä—É–≥ –Ω–∞ –¥—Ä—É–≥–∞. –ê —Ç—ã —Ä–∞—Å—Å–∫–∞–∂–µ—à—å –∫–∞–∫ —Ç—ã?
89,–Ø —Ä–∞—Å—Å—Ç—Ä–æ–π—Å—Ç–≤–µ... –ê–Ω—Ç–æ–Ω–∞ –ë–µ–ª—è–µ–≤–∞ –ü–µ–ª–∞–≥–µ—è —Å–ª–∏–ª–∞... –¥—É—Ä–∞... :((,–Ø –≤ —Ä–∞—Å—Å—Ç—Ä–æ–π—Å—Ç–≤–µ... –ê–Ω—Ç–æ–Ω–∞ –ë–µ–ª—è–µ–≤–∞ —Å–ª–∏–ª–∞ –ü–µ–ª–∞–≥–µ—è... –ù–µ –º–æ–≥—É –µ—ë –ø–æ–Ω—è—Ç—å :((
90,"- –¢—É—è—Ä–∞,–ø–æ–∫—Ä–∞—Å—å –º–Ω–µ –≤–æ–ª–æ—Å—ã.- –ù–µ –º–æ–≥—É,—É –º–µ–Ω—è –Ω–µ—Å—Ç–∞–±–∏–ª—å–Ω–æ–µ —ç–º–æ—Ü–∏–æ–Ω–∞–ª—å–Ω–æ–µ —Å–æ—Å—Ç–æ—è–Ω–∏–µ :(- –¶,–∑–∞–µ–±–∞–ª–∞","- –¢—É—è—Ä–∞,–ø–æ–∫—Ä–∞—Å—å –º–Ω–µ –≤–æ–ª–æ—Å—ã.- –ù–µ –º–æ–≥—É,—É –º–µ–Ω—è –Ω–µ—Å—Ç–∞–±–∏–ª—å–Ω–æ–µ —ç–º–æ—Ü–∏–æ–Ω–∞–ª—å–Ω–æ–µ —Å–æ—Å—Ç–æ—è–Ω–∏–µ :( - –ú–Ω–µ —ç—Ç–æ –Ω–∞–¥–æ–µ–ª–æ"
91,"–î–ê –Ø –•–ó,–Ø –í–°–ï–ì–î–ê –î–£–ú–ê–õ–ê,–ß–¢–û –≠–¢–û –ñ–ï–ù–Ø .__________________________. –ë–õ–Ø –¢–ê–ö –°–¢–´–î–ù–û(((((","–î–∞ —è –Ω–µ –∑–Ω–∞—é , –≤—Å–µ–≥–¥–∞ –¥—É–º–∞–ª–∞ , —á—Ç–æ —ç—Ç–æ –∂–µ–Ω—è . –ú–Ω–µ —Å—Ç—ã–¥–Ω–æ"
92,"—Å—É–∫–∏.–æ–Ω–∏ –ø—Ä–æ—Å—Ç–æ –¥—Ä–∞–∑–Ω—è—Ç –º–µ–Ω—è.–∑–∞–≤–µ–∑–ª–∏ –≤ –ë–∞—Ä–Ω–∏ iphone 5s —Ü–≤–µ—Ç–∞ —à–∞–º–ø–∞–Ω—Å–∫–æ–≥–æ,–∫–æ—Ç–æ—Ä—ã–π —è —Ç–∞–∫ —Ö–æ—á—É,—Ç–∞–∫ —Ö–æ—á—É.–Ω–æ –∫–æ–ø–∏—Ç—å –¥–µ–Ω—å–≥–∏ —Å–æ–≤–µ—Ä—à–µ–Ω–Ω–æ –Ω–µ —É–º–µ—é ;(","–û–Ω–∏ –ø—Ä–æ—Å—Ç–æ –¥—Ä–∞–∑–Ω—è—Ç –º–µ–Ω—è. –ó–∞–≤–µ–∑–ª–∏ –≤ –ë–∞—Ä–Ω–∏ iphone 5s —Ü–≤–µ—Ç–∞ —à–∞–º–ø–∞–Ω—Å–∫–æ–≥–æ, –∫–æ—Ç–æ—Ä—ã–π —è —Ç–∞–∫ —Ö–æ—á—É, —Ç–∞–∫ —Ö–æ—á—É. –ù–æ –∫–æ–ø–∏—Ç—å –¥–µ–Ω—å–≥–∏ —Å–æ–≤–µ—Ä—à–µ–Ω–Ω–æ –Ω–µ —É–º–µ—é("
93,–ö–∞–∫ –∂–µ —Ö–æ—á—É –±—ã—Ç—å –º–∞–ª—å—á–∏–∫–æ–º.—É—Ç—Ä–æ–º –≤—Å—Ç–∞–ª.—É–º—ã–ª—Å—è –∏ —Ç—ã –≥–æ—Ç–æ–≤...–∞ —ç—Ç–∞ –±–ª—è–¥—å –∫–æ—Å–º–µ—Ç–∏–∫–∞ –¥–æ—Å—Ç–∞–ª–∞ —É–∂–µ((,"–ö–∞–∫ –∂–µ —Ö–æ—á—É –±—ã—Ç—å –º–∞–ª—å—á–∏–∫–æ–º. –£—Ç—Ä–æ–º –≤—Å—Ç–∞–ª, —É–º—ã–ª—Å—è –∏ —Ç—ã –≥–æ—Ç–æ–≤... –ê —ç—Ç–∞ –∫–æ—Å–º–µ—Ç–∏–∫–∞ –¥–æ—Å—Ç–∞–ª–∞ —É–∂–µ (("
94,"—É—á—ë–±–∞ –µ–±–∞–Ω–∞—è,–∫–æ–≥–¥–∞ —ç—Ç–æ –≤—Å–µ –∑–∞–∫–æ–Ω—á–∏—Ç—Å—è....–∫–æ–≥–¥–∞,–∞ –µ—â–µ —ç–∫–∑–∞–º–µ–Ω—ã,–ø—Ä–µ–ø–æ–¥–∞ –≤–∞–ª—è—è—Ç:((((–∑–∞—á–µ–º???....–∂–∏–∑–Ω—å –±–æ–ª—å","–ß–µ—Ä—Ç, —É—á–µ–±–∞, –∫–æ–≥–¥–∞ —ç—Ç–æ –≤—Å–µ –∑–∞–∫–æ–Ω—á–∏—Ç—Å—è... –ê –µ—â–µ —ç–∫–∑–∞–º–µ–Ω—ã, –ø—Ä–µ–ø–æ–¥—ã –≤–∞–ª—è—Ç... –ó–∞—á–µ–º? –ñ–∏–∑–Ω—å - –±–æ–ª—å."
95,"–ù–µ—Ç –Ω–∏—á–µ–≥–æ —Ö—É–∂–µ,—á–µ–º –±—ã—Ç—å –∂—É—Ä–Ω–∞–ª–∏—Å—Ç–æ–º –≤ –ü–∏—Ç–µ—Ä–µ. –í–æ–∫—Ä—É–≥ —Å–∫–æ–ø–∏—â–µ –ø–∏–∑–¥–µ—Ü –∫–∞–∫–∏—Ö —Ç–∞–ª–∞–Ω—Ç–ª–∏–≤–∞—Ö,—à–∏—Ä–æ–∫–æ–º—ã—Å–ª—è—â–∏—Ö –∏ –∫—Ä–µ–∞—Ç–∏–≤–Ω—ã—Ö –∫–æ–ª–ª–µ–≥.–ò —Å—Ä–µ–¥–∏ –Ω–∏—Ö —Ç—ã.(","–ù–µ—Ç –Ω–∏—á–µ–≥–æ —Ö—É–∂–µ, —á–µ–º –±—ã—Ç—å –∂—É—Ä–Ω–∞–ª–∏—Å—Ç–æ–º –≤ –ü–∏—Ç–µ—Ä–µ. –í–æ–∫—Ä—É–≥ —Å–∫–æ–ø–∏—â–µ —É–∂–∞—Å –∫–∞–∫–∏—Ö —Ç–∞–ª–∞–Ω—Ç–ª–∏–≤—ã—Ö, —à–∏—Ä–æ–∫–æ–º—ã—Å–ª—è—â–∏—Ö –∏ –∫—Ä–µ–∞—Ç–∏–≤–Ω—ã—Ö –∫–æ–ª–ª–µ–≥. –ò —Å—Ä–µ–¥–∏ –Ω–∏—Ö —Ç—ã. ("
96,–î–∏–º–æ–Ω —É—á–∏—Ç—å—Å—è –∏ —É—á–∏—Ç—å—Å—è.–∏ –Ω–µ —Å–¥–∞—Å—Ç –≤–µ–¥—å –Ω–∏—á–µ–≥–æ.(–ª–æ—Ö(–º–æ–≥ –±—ã —Å—Ä–∞–∑—É —Ö—É–π –ø–æ–ª–æ–∂–∏—Ç—å.–≤–∞,"–î–∏–º–æ–Ω —É—á–∏—Ç—Å—è –∏ —É—á–∏—Ç—Å—è –∏ –Ω–µ —Å–¥–∞—Å—Ç –≤–µ–¥—å –Ω–∏—á–µ–≥–æ, –∞ –º–æ–≥ –±—ã —Å—Ä–∞–∑—É –≤—Å–µ –±—Ä–æ—Å–∏—Ç—å"
97,–Ø –í–°–ï –†–ê–í–ù–û –ù–ï –ó–ù–ê–Æ –¢–ï–ë–Ø(99(((–ê –ß–¢–û –°–¢–ï–°–ù–Ø–¢–¨–°–Ø?–Ø –ù–ï –ö–£–°–ê–ß–ò–ô...–∫–∞–∫–∞—è –¥–≤—É—Å–º—ã—Å–ª–µ–Ω–Ω–∞—è —Ñ—Ä–∞–∑–∞...,–Ø –≤—Å–µ —Ä–∞–≤–Ω–æ –Ω–µ –∑–Ω–∞—é —Ç–µ–±—è. –ê —á–µ–≥–æ —Å—Ç–µ—Å–Ω—è—Ç—å—Å—è? –Ø –Ω–µ –∫—É—Å–∞—é—Å—å. –ö–∞–∫–∞—è –¥–≤—É—Å–º—ã—Å–ª–µ–Ω–Ω–∞—è —Ñ—Ä–∞–∑–∞.
98,"–ü–õ–ê–ù–®–ï–¢–ò–ö –ü–û–ï–•–ê–õ–ê –í–ß–ï–†–ê –î–ï–õ–ê–¢–¨–°–ö–ê–ó–ê–õ–ò –®–¢–ê –ù–ê–î –ï–•–ê–¢–¨ –ù–ê –ö–£–ó–ù–ï–¶–ö–ò–ô 80,–ò–ë–û –¢–ê–ú –†–ï–ú–û–ù–¢ –•–ê–õ–Ø–í–ù–´–ô–ü–û–ï–î–£,–®–¢–ê –ü–û–î–ï–õ–ê–¢–¨–Ø –°–û–°–ö–£–ß–ò–õ–ê–°–¨ –ü–û –ù–ï–ú–£ ;(","–ü–ª–∞–Ω—à–µ—Ç–Ω–∏–∫ –ø–æ–µ—Ö–∞–ª–∞ –≤—á–µ—Ä–∞ –¥–µ–ª–∞—Ç—å. –°–∫–∞–∑–∞–ª–∏, —á—Ç–æ –Ω–∞–¥–æ –µ—Ö–∞—Ç—å –Ω–∞ –ö—É–∑–Ω–µ—Ü–∫–∏–π 80, –∏–±–æ —Ç–∞–º —Ä–µ–º–æ–Ω—Ç –æ—á–µ–Ω—å –¥–µ—à–µ–≤—ã–π. –ü–æ–µ–¥—É, —á—Ç–æ –ø–æ–¥–µ–ª–∞—Ç—å, —è —Å–æ—Å–∫—É—á–∏–ª–∞—Å—å –ø–æ –Ω–µ–º—É"
99,"–ê–í–ê–†–ò–Ø:(((–ú–´ –ü–†–û–ï–ó–ñ–ê–õ–ò–ê –¢–ê–ú –õ–Æ–î–ò –õ–ï–ñ–ê–¢ –ù–ê –°–ù–ï–ì–£–ú–Å–†–¢–í–´–ï–ê –û–¢ –ú–ê–®–ò–ù–´ –í–ê–©–ï –ù–ò–§–ò–ì–ê –ü–†–ê–ö–¢–ò–ß–ï–°–ö–ò –ù–ï –û–°–¢–ê–õ–ê–°–¨:,((","–ê–≤–∞—Ä–∏—è:( –ú—ã –ø—Ä–æ–µ–∑–∂–∞–ª–∏ —Ç–∞–º, –ª—é–¥–∏ –ª–µ–∂–∞—Ç –Ω–∞ —Å–Ω–µ–≥—É –º—ë—Ä—Ç–≤—ã–µ, –∞ –æ—Ç –º–∞—à–∏–Ω—ã –≤–æ–æ–±—â–µ –Ω–∏—á–µ–≥–æ –ø—Ä–∞–∫—Ç–∏—á–µ—Å–∫–∏ –Ω–µ –æ—Å—Ç–∞–ª–æ—Å—å:,("
100,–ê–ù–ê–õ–û–ì–ò–ß–ù–û=(–¢–û–õ–¨–ö–û –ö–£–ü–ò–õ–ê –ù–ï –î–ê–í–ù–û...–ù–ï–¢ –ß–¢–û –ë–´ –ü–û–§–û–¢–ö–ê–¢–¨ –°–ò–ë–Ø –¢–ê–ú –¢–ê–ö –ö–ù–ò–ñ–ö–ò...–£ –í–ê–°..–í–§–û–¢–û–°–ï–°–°–ò–Ø –ï–ü–¢,"–ê–Ω–∞–ª–æ–≥–∏—á–Ω–æ ( —Ç–æ–ª—å–∫–æ –∫—É–ø–∏–ª–∞ –Ω–µ–¥–∞–≤–Ω–æ, –Ω–µ—Ç —á—Ç–æ –ø–æ—Ñ–æ—Ç–∫–∞—Ç—å —Å–µ–±—è —Ç–∞–º —Ç–∞–∫ –∫–Ω–∏–∂–∫–∏.. —É –≤–∞—Å... –í —Ñ–æ—Ç–æ—Å–µ—Å—Å–∏–∏"
101,"–º—ã –∂–µ 2 –≥–æ–¥–∞ —Ç—É—Å–∏–º –∏ —Ç—ã –Ω–µ —Ä–∞–∑—É –¥–∞–∂–µ –Ω–µ —Å–º–æ—Ç—Ä–µ–ª –Ω–∞ –Ω–∏—Ö,–Ω–∏ —Ç–æ —á—Ç–æ —Ç—Ä–∞—Ö–∞–ª,–Ω–µ –≤—Ä–∏..(((","–ú—ã –≤—Å—Ç—Ä–µ—á–∞–µ–º—Å—è –¥–≤–∞ –≥–æ–¥–∞ –∏ —Ç—ã –Ω–∏ —Ä–∞–∑—É –Ω–µ —Å–º–æ—Ç—Ä–µ–ª –Ω–∞ –Ω–∏—Ö, –Ω–∏ —Ç–æ —á—Ç–æ —É –≤–∞—Å –Ω–µ –±—ã–ª–æ –∏–Ω—Ç–∏–º–Ω—ã–π –æ—Ç–Ω–æ—à–µ–Ω–∏–π, –Ω–µ –æ–±–º–∞–Ω—ã–≤–∞–π"
102,–ò —á—Ç–æ —è –±–ª—è—Ç—å –±–µ–∑ —Ç–µ–±—è –¥–µ–ª–∞—Ç—å –±—É–¥—É?!?! –í –∞—É–¥–∏—Ç–æ—Ä–∏–∏ —Å–∏–¥–µ—Ç—å? –î–∞?–ü–∏–∑–¥–æ—Å–Ø –¥–∞–∂–µ —Å –û.–ê. –ó–∞–∫—É—Å–∏–ª–∞—Å—å! –ú–Ω–µ –ø–ª–æ—Ö–æ –±–µ–∑ —Ç–µ–±—è!!(,"–ò —á—Ç–æ —è –±–µ–∑ —Ç–µ–±—è –±—É–¥—É –¥–µ–ª–∞—Ç—å ?? –í –∞—É–¥–∏—Ç–æ—Ä–∏–∏ —Å–∏–¥–µ—Ç—å ? –î–∞? –Ø –¥–∞–∂–µ —Å –û.–ê. –ø–æ—Å—Å–æ—Ä–∏–ª–∞—Å—å , –º–Ω–µ –ø–ª–æ—Ö–æ –±–µ–∑ —Ç–µ–±—è ("
103,"—Ö–æ—Ç—å —è –º–Ω–æ–≥–æ –Ω–∞ —Ç–µ–±—è –ø–∏–∑–¥–µ–ª–∞,—è –≤—Å–µ-—Ä–∞–≤–Ω–æ –ª—é–±–ª—é —Ç–µ–±—è,–≤–æ–∑–≤—Ä–∞—â–∞–π—Å—è,–¥—Ä—É–∂–∏—â–µ :(","–•—Ç—Ç—å —è –º–Ω–æ–≥–æ –≤—Ä–∞–ª –æ —Ç–µ–±–µ, —è –≤—Å—ë —Ä–∞–≤–Ω–æ –ª—é–±–ª—é —Ç–µ–±—è, –≤–æ–∑–≤—Ä–∞—â–∞–π—Å—è, –¥—Ä—É–∂–∏—â–µ"
104,"—Å–∞–º–∞ –Ω–µ–±–æ—Å—å —Ç–∞–º —Å–∏–¥–∏—Ç –∏ –¥—É–º–∞–µ—Ç""–±–ª—è,—Ç–≤–æ—é –º–∞—Ç—å,–æ—Ç–∫—É–¥–∞ –æ–Ω —É–∑–Ω–∞–ª,–µ–±–∞—Ç—å""","—Å–∞–º–∞ –Ω–µ–±–æ—Å—å —Ç–∞–º —Å–∏–¥–∏—Ç –∏ –¥—É–º–∞–µ—Ç""–Ω–∞–¥–æ –∂–µ, –≤–æ—Ç —ç—Ç–æ –¥–∞, –æ—Ç–∫—É–¥–∞ –æ–Ω —É–∑–Ω–∞–ª,—ç—Ö"""
105,"–ú–µ–Ω—è —Ç–∞–∫ –Ω–µ –ª—é–±—è—Ç:(–º–æ–∂–Ω–æ –ø–æ–¥—É–º–∞—Ç—å,–º–µ–Ω—è —ç—Ç–æ –µ–±—ë—Ç","–ú–µ–Ω—è —Ç–∞–∫ –Ω–µ –ª—é–±—è—Ç :( –º–æ–∂–Ω–æ –ø–æ–¥—É–º–∞—Ç—å, –º–µ–Ω—è —ç—Ç–æ –≤–æ–ª–Ω—É–µ—Ç"
106,"–ú–µ–Ω—è —Ç–∞–∫ –Ω–µ –ª—é–±—è—Ç:(–º–æ–∂–Ω–æ –ø–æ–¥—É–º–∞—Ç—å,–º–µ–Ω—è —ç—Ç–æ –µ–±—ë—Ç",–ú–µ–Ω—è —Ç–∞–∫ –Ω–µ –ª—é–±—è—Ç. –ú–æ–∂–Ω–æ –ø–æ–¥—É–º–∞—Ç—å –º–µ–Ω—è —ç—Ç–æ —Ç–∞–∫ –≤–æ–ª–Ω—É–µ—Ç
107,"–≤–æ—Ç –±–ª—è—Ç—å!—Å–µ–≥–æ–¥–Ω—è –∂–µ —Ç–æ–∂–µ –ø—Ä–∏–¥–µ—Ç—Å—è —É–±–∏—Ä–∞—Ç—å—Å—è –≤ –∫–æ–º–Ω–∞—Ç–µ.–∏ —Ç—É—Ç —Ñ—Ä–∞–∑–∞ ""–ú–ê–ú–ê –ù–ï –¢–†–û–ì–ê–ô –≠–¢–û!–ó–î–ï–°–¨ –í–°–ï –ü–û –§–≠–ù–®–£–Æ"" —É–∂–µ –Ω–µ –ø—Ä–æ–∫–∞—Ç–∏—Ç:::(","–í–æ—Ç –Ω–µ–∑–∞–¥–∞—á–∞! –°–µ–≥–æ–¥–Ω—è –∂–µ —Ç–æ–∂–µ –ø—Ä–∏–¥–µ—Ç—Å—è —É–±–∏—Ä–∞—Ç—å—Å—è –≤ –∫–æ–º–Ω–∞—Ç–µ. –ò —Ç—É—Ç —Ñ—Ä–∞–∑–∞"" –ú–ê–ú–ê –ù–ï –¢–†–û–ì–ê–ô –≠–¢–û! –ó–î–ï–°–¨ –í–°–Å –ü–û –§–≠–ù–®–£–Æ"" —É–∂–µ –Ω–µ –ø–æ–º–æ–∂–µ—Ç"
108,"–•–æ—Ç–µ–ª–∞ —Å–ø—Ä—ã–≥–Ω—É—Ç—å —Å –∫—Ä—ã—à–∏,—Å—Ç–æ—è–ª–∞ –Ω–∞ –∫—Ä–∞—é..–ü–æ–¥—Ä—É–≥–∞ –æ—Å—Ç–∞–Ω–æ–≤–∏–ª–∞,—Å–∫–∞–∑–∞–≤ —á—Ç–æ –æ–Ω —Å–µ–π—á–∞—Å –µ–±—ë—Ç –¥—Ä—É–≥—É—é.–î—É–º–∞–µ—à—å –ø—Ä—ã–≥–Ω—É?–ê –í–û–¢ –•*–ô –¢–ï–ë–ï!!!=(","–•–æ—Ç–µ–ª–∞ —Å–ø—Ä—ã–≥–Ω—É—Ç—å —Å –∫—Ä—ã—à–∏, —Å—Ç–æ—è–ª–∞ –Ω–∞ –∫—Ä–∞—é. –ü–æ–¥—Ä—É–≥–∞ –æ—Å—Ç–∞–Ω–æ–≤–∏–ª–∞, —Å–∫–∞–∑–∞–≤, —á—Ç–æ –æ–Ω —Å–µ–π—á–∞—Å —Å –¥—Ä—É–≥–æ–π. –î—É–º–∞–µ—à—å –ø—Ä—ã–≥–Ω—É? –ù–µ—Ç –∫–æ–Ω–µ—á–Ω–æ!"
109,"–•–æ—Ç–µ–ª–∞ —Å–ø—Ä—ã–≥–Ω—É—Ç—å —Å –∫—Ä—ã—à–∏,—Å—Ç–æ—è–ª–∞ –Ω–∞ –∫—Ä–∞—é..–ü–æ–¥—Ä—É–≥–∞ –æ—Å—Ç–∞–Ω–æ–≤–∏–ª–∞,—Å–∫–∞–∑–∞–≤ —á—Ç–æ –æ–Ω —Å–µ–π—á–∞—Å –µ–±—ë—Ç –¥—Ä—É–≥—É—é.–î—É–º–∞–µ—à—å –ø—Ä—ã–≥–Ω—É?–ê –í–û–¢ –•*–ô –¢–ï–ë–ï!!!=(","–•–æ—Ç–µ–ª–∞ —Å–ø—Ä—ã–≥–Ω—É—Ç—å —Å –∫—Ä—ã—à–∏,—Å—Ç–æ—è–ª–∞ –Ω–∞ –∫—Ä–∞—é. –ü–æ–¥—Ä—É–≥–∞ –æ—Å—Ç–∞–Ω–æ–≤–∏–ª–∞,—Å–∫–∞–∑–∞–≤ —á—Ç–æ –æ–Ω —Å–µ–π—á–∞—Å —Å –¥—Ä—É–≥–æ–π. –î—É–º–∞–µ—à—å –ø—Ä—ã–≥–Ω—É? –ê –≤–æ—Ç –∏ –Ω–µ—Ç!!!"
110,—Å—É–∫–∏!–º—Ä–∞–∑–∏!—á—Ç–æ —Ç–≤–æ—Ä—è—Ç!((‚Äú –í–∑—Ä—ã–≤ –Ω–∞ –≤–æ–∫–∑–∞–ª–µ –ø—Ä–æ–∏–∑–≤–µ–ª–∞ —Å–º–µ—Ä—Ç–Ω–∏—Ü–∞ - —Å–æ–æ–±—â–∞–µ—Ç –ù–ê–ö    ‚Äù,"–£–∂–∞—Å ! –ß—Ç–æ —Ç–≤–æ—Ä—è—Ç! (( "" –í–∑—Ä—ã–≤ –Ω–∞ –≤–æ–∫–∑–∞–ª–µ –ø—Ä–æ–∏–∑–≤–µ–ª–∞ —Å–º–µ—Ä—Ç–Ω–∏—Ü–∞ - —Å–æ–æ–±—â–∞–µ—Ç –ù–ê–ö """
111,"–≤—Å–µ —Ç–∞–∫ –ø—Ä–∏–¥–µ—Ç—Å—è –≤—Å—Ç–∞–≤–∞—Ç—å —Ä–∞–Ω—å—à–µ,–∏–±–æ –Ω–∞ –≥–æ–ª–æ–≤–µ,—Ö—É–π –ø–æ–π–º–∏,—á—Ç–æ –≤—ã—Å–æ—Ö–ª–æ:(","–í–æ—Ç —Ç–∞–∫ –ø—Ä–∏–¥–µ—Ç—Å—è –≤—Å—Ç–∞–≤–∞—Ç—å —Ä–∞–Ω—å—à–µ, –∏–±–æ –Ω–∞ –≥–æ–ª–æ–≤–µ –Ω–µ –ø–æ–Ω—è—Ç–Ω–æ —á—Ç–æ –≤—ã—Å–æ—Ö–ª–æ :("
112,"–±–ª—è–¥–∞–Ω—É–Ω–∞—Ö(((–ø–æ–ø–∏–∑–¥–∏—Ç–µ —Ç—É—Ç(((–≤–∞—Å –Ω–∞–µ–±–∞–ª–∏,—è –∂–∏–≤","–ù–µ –º–æ–∂–µ—Ç –±—ã—Ç—å, –≤–∞—Å –æ–±–º–∞–Ω—É–ª–∏, —è –∂–∏–≤"
113,"C–ø–µ—à–∏ –ª—é–±–∏—Ç—å –ú–∞—Ä–ª–∏ –∏ —è  –•–∞—Ç–∏–∫–æ –±–µ–ª—ã–π –ø–ª–µ–Ω –Ω–∞—Ä–∫–æ–∑P.S –Ø –ª—é–±–ª—é —Ç–µ–±—è–•–æ—Ä–æ—à–∏–µ –¥–µ—Ç–∏ –Ω–µ –ø–ª–∞—á—É—Ç—Ö—É–π –∑–Ω–∞–µ—Ç,—è –Ω–µ –ø–æ–º–Ω—é –Ω–æ—Ä–º(","–°–ø–µ—à–∏ –ª—é–±–∏—Ç—å, –ú–∞—Ä–ª–∏ –∏ –Ø, –•–∞—Ç–∏–∫–æ,–ë–µ–ª—ã–π –ø–ª–µ–Ω, –ù–∞—Ä–∫–æ–∑ P.S. –Ø  –ª—é–±–ª—é —Ç–µ–±—è, –•–æ—Ä–æ—à–∏–µ –¥–µ—Ç–∏ –Ω–µ –ø–ª–∞—á—É—Ç, –Ω–µ –∑–Ω–∞—é, —è –Ω–µ –ø–æ–º–Ω—é –Ω–æ—Ä–º–∞–ª—å–Ω–æ("
114,"–•–µ—Ä–æ–≤–æ –∫–æ–≥–¥–∞ –≤—Å–µ–º –ø–æ—Ö—É–π –Ω–∞ —Ç–µ–±—è((((((—Ç—É–ø–æ –≤—Å–µ–º,—Å–æ—Å—Ç–æ—è–Ω–∏–µ —Ä–µ–∂–∏—Ç –¥—É—à—É","–ü–ª–æ—Ö–æ, –∫–æ–≥–¥–∞ –≤—Å–µ–º –±–µ–∑ —Ä–∞–∑–Ω–∏—Ü—ã –Ω–∞ —Ç–µ–±—è. –ê–±—Å–æ–ª—é—Ç–Ω–æ –≤—Å–µ–º, —Å–æ—Å—Ç–æ—è–Ω–∏–µ —Ä–µ–∂–µ—Ç –¥—É—à—É"
115,–Ø –∫–æ–Ω—á–µ–Ω–Ω–∞—è –Ω–µ—É–¥–∞—á–Ω–∏—Ü–∞. –ü–ª–∞–∫–∞—Ç—å –∏ —Å–º–µ—è—Ç—å—Å—è –æ—Ö–æ—Ç–æ(,–§–æ—Ä—Ç—É–Ω–∞ –Ω–µ –Ω–∞ –º–æ–µ–π —Å—Ç–æ—Ä–æ–Ω–µ –º–Ω–µ —Ö–æ—á–µ—Ç—Å—è –ø–ª–∞–∫–∞—Ç—å –∏ —Å–º–µ—è—Ç—å—Å—è
116,–†–∞–∑–∞—á–∞—Ä–æ–≤–∞–Ω –≤ –≠—Ö–µ –∏ —Ö–∏—Ç—Ä–æ–∂–æ–ø—ã–º –í–µ–Ω–∏–∫–µ–ó–∞–±–∑–¥–µ–ª–∏  —Ä–∞–∑—Ä–µ—à–∏—Ç—å –∫–æ–º–º–µ–Ω—Ç–∞—Ä–∏–∏ –∫ –±–ª–æ–≥—É –æ —Ä–∞–∑–≤–æ–¥–µ –ü—É—Ç–∏–Ω–∞((–ê –æ–Ω–∏ —Ç–∞–º —Å–∞–º—ã–µ –æ—Å—Ç—Ä–æ—É–º–Ω—ã–µ,–†–∞–∑–æ—á–∞—Ä–æ–≤–∞–Ω –≤ –≠—Ö–µ –∏ —Ö–∏—Ç—Ä–æ–º –í–µ–Ω–∏–∫–µ. –ò—Å–ø—É–≥–∞–ª–∏—Å—å —Ä–∞–∑—Ä–µ—à–∏—Ç—å –∫–æ–º–º–µ–Ω—Ç–∞—Ä–∏–∏ –∫ –±–ª–æ–≥—É –æ —Ä–∞–∑–≤–æ–¥–µ –ü—É—Ç–∏–Ω–∞ (( –ê –æ–Ω–∏ —Ç–∞–º —Å–∞–º—ã–µ –æ—Å—Ç—Ä–æ—É–º–Ω—ã–µ.
117,"–ü—Ä–∞–≤–¥–∞,–≥–æ–≤–æ—Ä—é..–∏ —Ç–∞–∫,—Å—É–∫–∞,—Å—Ç—ã–¥–Ω–æ –∑–∞ —Å—Ç—Ä–∞–Ω—É...—É–∂–∞—Å–Ω–æ–µ —á—É–≤—Å—Ç–≤–æ.—Å—Ç–µ—Å–Ω—è—Ç—Å—è —Å–≤–æ–µ–π –†–æ–¥–∏–Ω—ã,–∫–æ—Ç–æ—Ä–∞—è –Ω–µ –≤–∏–Ω–æ–≤–∞—Ç–∞ –≤ —Å—É—â–µ—Å—Ç–≤–æ–≤–∞–Ω–∏–∏ –≥–æ—Å–¥—É—Ä—ã –ø–æ–¥–ª–µ—Ü–æ–≤:(((",–ü—Ä–∞–≤–¥–∞ –≥–æ–≤–æ—Ä—é —Ç–∞–∫ —Å—Ç—ã–¥–Ω–æ –∑–∞ —Å—Ç—Ä–∞–Ω—É —É–∂–∞—Å–Ω–æ–µ —á—É–≤—Å—Ç–≤–æ —Å—Ç–µ—Å–Ω—è—Ç—å—Å—è —Å–≤–æ–π —Ä–æ–¥–∏–Ω—ã –∫–æ—Ç–æ—Ä–∞—è –Ω–µ –≤–∏–Ω–æ–≤–∞—Ç–∞ –≤ —Å—É—â–µ—Å—Ç–≤–æ–≤–∞–Ω–∏–∏ –ø–æ–¥–ª–µ—Ü–æ–≤
118,–∫–æ–≥–¥–∞ —è –∏–∑–±–∞–≤–ª—é—Å—å –æ—Ç –ø—Ä–∏–≤—ã—á–∫–∏ –≥—Ä—ã–∑—Ç—å –Ω–æ–≥—Ç–∏.—è —É–∂–µ –∑–∞–µ–±–∞–ª–∞—Å—å. –¥–æ –∫—Ä–æ–≤–∏ –±–ª—è—Ç—å –∏—Ö –≥—Ä—ã–∑—É!!!!!!!(((((99,"–ö–æ–≥–¥–∞ –∂–µ —è –∏–∑–±–∞–≤–ª—é—Å—å –æ—Ç –ø—Ä–∏–≤—ã—á–∫–∏ –≥—Ä—ã–∑—Ç—å –Ω–æ–≥—Ç–∏! –ù–∏–∫–∞–∫ –Ω–µ –æ—Ç–≤—ã–∫–Ω—É –∏ –æ–ø—è—Ç—å —Å–∏–ª—å–Ω–æ –∏–∑–≥—Ä—ã–∑–ª–∞, –¥–∞–∂–µ –¥–æ –∫—Ä–æ–≤–∏."
119,–Ω–∞–ø–∏–ª—Å—è–Ω–∞ –º–∞—Å—Ç–µ—Ä—Å–∫–∏—Ö–ø–∏–∑–¥–µ—Ü–ø—Ä–æ–¥–æ–ª–∂–∏–ª –ø–æ –ø—É—Ç–∏ –¥–æ–º–æ–π–Ω–∞–±–ª—è–≤–∞–ª –≤ –±–∞–Ω–∫–µ–ø—å—è–Ω—ã–π—Å–∏–∂—É–¥–æ–º–∞–∑–∞–µ–±–∏—Å—å —Å—Ö–æ–¥–∏–ª –≤ —Ö–∞–±–∑—É(,"–û—á–µ–Ω—å —Å–∏–ª—å–Ω–æ –Ω–∞–ø–∏–ª—Å—è –≤ –º–∞—Å—Ç–µ—Ä—Å–∫–∏—Ö, –ø—Ä–æ–¥–æ–ª–∂–∏–ª –ø–æ –ø—É—Ç–∏ –¥–æ–º–æ–π, —Å—Ç–∞–ª–æ –ø–ª–æ—Ö–æ –≤ –±–∞–Ω–∫–µ, –ø—å—è–Ω—ã–π —Å–∏–∂—É –¥–æ–º–∞, —Ö–æ—Ä–æ—à–æ —Å—Ö–æ–¥–∏–ª –≤ —Ö–∞–±–∑—É("
120,–Ω–∞–ø–∏–ª—Å—è–Ω–∞ –º–∞—Å—Ç–µ—Ä—Å–∫–∏—Ö–ø–∏–∑–¥–µ—Ü–ø—Ä–æ–¥–æ–ª–∂–∏–ª –ø–æ –ø—É—Ç–∏ –¥–æ–º–æ–π–Ω–∞–±–ª—è–≤–∞–ª –≤ –±–∞–Ω–∫–µ–ø—å—è–Ω—ã–π—Å–∏–∂—É–¥–æ–º–∞–∑–∞–µ–±–∏—Å—å —Å—Ö–æ–¥–∏–ª –≤ —Ö–∞–±–∑—É(,"–ó–ª–æ—É–ø–æ—Ç—Ä–µ–±–∏–ª –∞–ª–∫–æ–≥–æ–ª–µ–º –Ω–∞ –º–∞—Å—Ç–µ—Ä—Å–∫–∏—Ö, –ø—Ä–æ–¥–æ–ª–∂–∏–ª –ø–æ –ø—É—Ç–∏ –¥–æ–º–æ–π, —Å—Ç–æ—à–Ω–∏–ª–æ –≤ –±–∞–Ω–∫–µ.
–°–∏–∂—É –¥–æ–º–∞ –≤ —Å–æ—Å—Ç–æ—è–Ω–∏–µ –∞–ª–∫–æ–≥–æ–ª—å–Ω–æ–≥–æ –æ–ø—ä—è–Ω–µ–Ω–∏—è.
–í–µ–ª–∏–∫–æ–ª–µ–ø–Ω–æ —Å—Ö–æ–¥–∏–ª –≤ —Ö–∞–±–∑—É"
121,–ó–ê–í–¢–†–ê –ù–ì–£ –ú–ï–ù–Ø –ù–ï–¢ –ù–ò –°–¶–ï–ù–ê–†–ò–Ø–ù–ò –ú–£–ó–´–ö–ò –ù–ò –î–ï–ù–ï–ì –ù–ê –û–§–û–†–ú–õ–ï–ù–ò–ï –•–ê–ó–í–ê–ó–•–ó–ê–•–•–ê–ß–¢–û –Ø –ë–£–î–£ –î–ï–õ–ê–¢–¨?–ú–ï–ù–Ø –£–ï–ë–£–¢(9(99(((((99(,"–ó–∞–≤—Ç—Ä–∞ –ù–æ–≤—ã–π –≥–æ–¥, –∞ —É –º–µ–Ω—è –Ω–µ—Ç –Ω–∏ —Å—Ü–µ–Ω–∞—Ä–∏—è, –Ω–∏ –º—É–∑—ã–∫–∏, –Ω–∏ –¥–µ–Ω–µ–≥ –Ω–∞ –æ—Ñ–æ—Ä–º–ª–µ–Ω–∏–µ. –ß—Ç–æ —è –±—É–¥—É –¥–µ–ª–∞—Ç—å? –ú–µ–Ω—è –Ω–∞–∫–∞–∂—É—Ç..."
122,–¥–∞ —á—Ç–æ –± —Ç–µ–±—è —Ñ–∏–∑—Ä–∞ —Ç—É–ø–∞—è!!!!!!!!–µ......–ø–∏—Å—Ç–æ–ª–µ—Ç–∏–∫!!!!–ø–æ—à–µ–≤–µ–ª–∏—Ç—å—Å—è –Ω–µ –º–æ–≥—É((((((,"–î–∞ —á—Ç–æ –∂–µ –∑–∞ —Ñ–∏–∑—Ä–∞ —Ç–∞–∫–∞—è –±–µ–∑–≥–æ–ª–æ–≤–∞—è! –ü–∏—Å—Ç–æ–ª–µ—Ç —É–ø—Ä–∞–∂–Ω–µ–Ω–∏–µ , –ø–æ—à–µ–≤–µ–ª–∏—Ç—å—Å—è –Ω–µ –º–æ–≥—É"
123,–ü–µ—Ä–µ—Å—Ç–∞–Ω—å—Ç–µ –æ—Ç–Ω–æ—Å–∏—Ç—Å—è –∫–æ –º–Ω–µ –∫–∞–∫ –∫ —Ä—ç–ø–µ—Ä—É –ù–∞–ø–∏—à–∏ –ø—Ä–æ –º–µ–Ω—è –ø–µ—Å–Ω—é–ö–æ–≥–¥–∞ –∫ –Ω–∞–º–ö–æ–≥–¥–∞ –Ω–æ–≤–∞—è–Ø –±–ª—è—Ç—å —Ç–æ–∂–µ —á–µ–ª–æ–≤–µ–∫–í—ã–±–µ—à–∏–≤–µ—Ç —ç—Ç–æ:(,"–ü–µ—Ä–µ—Å—Ç–∞–Ω—å—Ç–µ –æ—Ç–Ω–æ—Å–∏—Ç—å—Å—è –∫–æ –º–Ω–µ –∫–∞–∫ –∫ —Ä—ç–ø–µ—Ä—É. –ù–∞–ø–∏—à–∏—Ç–µ –ø—Ä–æ –º–µ–Ω—è –ø–µ—Å–Ω—é. 
–ö–æ–≥–¥–∞ –∫ –Ω–∞–º? 
–ö–æ–≥–¥–∞ –Ω–æ–≤–∞—è? 
–Ø —Ç–æ–∂–µ —á–µ–ª–æ–≤–µ–∫, –∑–ª–∏—Ç —ç—Ç–æ."
124,"–ú–∞–∑–∞—Ñ–∞–∫–∞,–µ–±–∞–Ω–æ–µ –≥–æ—Ä–ª–æ,–∑–∞–µ–±–∞–ª–æ –±–æ–ª–µ—Ç—å.–≠—Ç–æ –Ω–µ–≤—ã–Ω–æ—Å–∏–º–æ–æ(((",–ö–∞–∫ –Ω–∞–¥–æ–µ–ª–æ —ç—Ç–æ –≥–æ—Ä–ª–æ –±–æ–ª–µ—Ç—å. –≠—Ç–æ –Ω–µ–≤—ã–Ω–æ—Å–∏–º–æ (((
125,"–ß–∏–∫—É–ª—è –ª–∞–π–∫–Ω—É–ª–∞ –≤–∏–¥–æ—Å–ê –ø—Ä–æ—Ñ–∏–ª—å —É –Ω–µ—ë –∑–∞–∫—Ä—ã—Ç–ù—É —á—Ç–æ, –±–ª–∏–Ω, —ç—Ç–æ –∑–∞ –ø–∏–∑–¥–æ—Å–î–∞–ª—å—à–µ —Ä–∏—Ñ–º—É –Ω–µ –ø—Ä–∏–¥—É–º–∞–ª.(","–ß–∏–∫—É–ª—è –ª–∞–π–∫–Ω—É–ª–∞ –≤–∏–¥–æ—Å. –ê –ø—Ä–æ—Ñ–∏–ª—å —É –Ω–µ—ë –∑–∞–∫—Ä—ã—Ç. –ù—É —á—Ç–æ, –±–ª–∏–Ω, —ç—Ç–æ –∑–∞ –ø–æ–ø–∞–¥–æ—Å. –î–∞–ª—å—à–µ —Ä–∏—Ñ–º—É –Ω–µ –ø—Ä–∏–¥—É–º–∞–ª.("
126,"–¢–µ–ø–µ—Ä—å —è –≤—ã–≥–ª—è–∂—É,–∫–∞–∫ —á–º–æ –∏ –µ–¥—É –≤ —É–Ω–∏. –î–æ–∫–ª–∞–¥—ã —Ç–æ —è —Å–¥–µ–ª–∞–ª–∞ –∫–æ–µ‚Äì–∫–∞–∫. –ù–æ,–±–ª—è—Ç—å,–º–æ—è –≥—Ä—É–ø–ø–∞ –µ–±–∞–Ω—É—Ç–∞—è. &gt;:(","–¢–µ–ø–µ—Ä—å —è –≤—ã–≥–ª—è–∂—É, –∫–∞–∫ —á–º–æ –∏ –µ–¥—É –≤ —É–Ω–∏. –î–æ–∫–ª–∞–¥—ã —Ç–æ —è —Å–¥–µ–ª–∞–ª–∞ –∫–æ–µ-–∫–∞–∫. –ù–æ, –±–ª–∏–Ω, –º–æ—è –≥—Ä—É–ø–ø–∞ —É–∂–∞—Å–Ω–∞—è. :("
127,"–í–æ—Ç —à–∫–æ–ª–∞ –µ–±–∞–Ω–∞—Ç–æ–≤,—Ç–æ —Ñ–æ—Ä–º—É —Å–ø–∏–∑–¥—è—Ç,—Ç–æ —à–∞–ø–∫—É —Å–µ–≥–æ–¥–Ω—è,–∑–∞–µ–±–∞–ª–∏(","–í–æ—Ç —à–∫–æ–ª–∞ –≤–æ—Ä–æ–≤. –¢–æ —Ñ–æ—Ä–º—É —É–∫—Ä–∞–¥—É—Ç, —Ç–æ —Å–µ–≥–æ–¥–Ω—è —à–∞–ø–∫—É —É–∫—Ä–∞–ª–∏"
128,"—É–±–∏–ª–∞ –±—ã —Ç–æ–≥–æ,–∫—Ç–æ –ø—Ä–∏–¥—É–º–∞–ª —Ñ—Ä–∞–∑—É""–ß—Ç–æ –Ω–µ –¥–µ–ª–∞–µ—Ç—Å—è-–≤—Å–µ –∫ –ª—É—á—à–µ–º—É!"" –î–ê –†–ï–î–ö–û –û–ù–û –ö –õ–£–ß–®–ï–ú–£!!!!(((((","–ù—É –∫—Ç–æ –ø—Ä–∏–¥—É–º–∞–ª —Ñ—Ä–∞–∑—É"" –ß—Ç–æ –Ω–µ –¥–µ–ª–∞–µ—Ç—Å—è - –≤—Å–µ –∫ –ª—É—á—à–µ–º—É!"" –û—á–µ–Ω—å —Ä–µ–¥–∫–æ–µ –æ–Ω–æ –∫ –ª—É—á—à–µ–º—É! ((("
129,–ü–û–°–õ–ï–î–ù–ò–ô –ù–û–í–´–ô –ì–û–î –í –®–ö–û–õ–ï –í–´–î–ê–õ–°–Ø –ù–ê –°–õ–ê–í–£  –°–ü–ê–°–ò–ë–û –í–°–ï–ú –£–ß–ê–°–¢–ù–ò–ö–ê–ú!! –Ø –ë–£–î–£ –°–ö–£–ß–ê–¢–¨ –ü–û –í–ê–ú:((,"–ü–æ—Å–ª–µ–¥–Ω–∏–π –ù–æ–≤—ã–π –≥–æ–¥ –≤ —à–∫–æ–ª–µ –≤—ã–¥–∞–ª—Å—è –Ω–∞ —Å–ª–∞–≤—É , —Å–ø–∞—Å–∏–±–æ –≤—Å–µ–º —É—á–µ–Ω–∏–∫–∞–º ! –Ø –±—É–¥—É —Å–∫—É—á–∞—Ç—å –ø–æ –≤–∞–º ."
130,"–ü–∏–∑–¥–µ–µ—Ü,—è –°–∞—à—É —Ç–æ–ª—å–∫–æ —á–µ—Ä–µ–∑ –Ω–µ–¥–µ–ª—é —É–≤–∏–∂—É,–∞–∞–∞–∞–∞–∞,—è –∂ —Å —É–º–∞ —Å–æ–π–¥—É((","–ù—É –∫–∞–∫ —Ç–∞–∫, —è –°–∞—à—É —Ç–æ–ª—å–∫–æ —á–µ—Ä–µ–∑ –Ω–µ–¥–µ–ª—é —É–≤–∏–∂—É, –∞–∞–∞–∞–∞–∞,—è –∂ —Å —É–º–∞ —Å–æ–π–¥—É(("
131,"–ú–¥–∞,–≤–æ—Ç —ç—Ç–æ –ù–ì(–ø–æ–ª–Ω–∞—è –∂–æ–ø–∞..–ì–ª–∞–≤–Ω–æ–µ –ª—é–±–∏–º–æ–≥–æ –ø–æ–∑–¥—Ä–∞–≤–∏–ª–∞***","–î–∞ —É–∂, –≤–æ—Ç —ç—Ç–æ –ù–æ–≤—ã–π –≥–æ–¥, –ø–æ–ª–Ω—ã–π –∞—Ç–∞—Å, –≥–ª–∞–≤–Ω–æ–µ –ª—é–±–∏–º–æ–≥–æ –ø–æ–∑–¥—Ä–∞–≤–∏–ª–∞"
132,"–ß–µ—Å—Ç–Ω–æ –≥–æ–≤–æ—Ä—è,–∑–∞–¥—Ä–∞–ª–∏ —ç—Ç–∏ —Å—É—á–∫–∏ —Å–º–µ—Ä—Ç–Ω–∏—Ü—ã!–°–∫–æ–ª—å–∫–æ –º–æ–∂–Ω–æ –ø–æ–¥—Ä—ã–≤–∞—Ç—å –Ω–µ–ø–æ–≤–∏–Ω–Ω—ã—Ö –ª—é–¥–µ–π!–û—Ç–≤—Ä–∞—Ç–∏—Ç–µ–ª—å–Ω–∞—è –≤–æ–π–Ω–∞ —Å –Ω–µ–ø–æ–Ω—è—Ç–Ω—ã–º–∏ —Ü–µ–ª—è–º–∏!–ö–∞–∫ —Å—Ç—Ä–∞—à–Ω–æ!!(","–ß–µ—Å—Ç–Ω–æ –≥–æ–≤–æ—Ä—è, —è –Ω–µ –ø–æ–Ω–∏–º–∞—é —Å–∫–æ–ª—å–∫–æ –º–æ–∂–Ω–æ –ø–æ–¥—Ä—ã–≤–∞—Ç—å –Ω–µ–ø–æ–≤–∏–Ω–Ω—ã –ª—é–¥–µ–π. –û—Ç–≤—Ä–∞—Ç–∏—Ç–µ–ª—å–Ω–∞—è –≤–æ–π–Ω–∞ —Å –Ω–µ–ø–æ–Ω—è—Ç–Ω—ã–º–∏ —Ü–µ–ª—è–º–∏. –ö–∞–∫ —Å—Ç—Ä–∞—à–Ω–æ"
133,"–æ–±–Ω–æ–≤–ª–µ–Ω–∏–µ —Ç–≤–∏ –¥–ª—è –∞–Ω–¥—Ä–æ–∏–¥–∞:–û–û, –î–ò–ó–ê–ô–ù –ö–†–£–¢–ï–ù–¨–ö–ò–ô–ì–î–ï –ë–õ–Ø–¢–¨ –û–¢–ö–õ–ò–ö–ò?–û, –ö–ù–û–ü–û–ß–ö–ò –ü–û–ú–ï–ù–Ø–õ–ò–°–¨–ì–î–ï –û–¢–ö–õ–ò–ö–ò?!?!?!?!–ó–ê–ß–ï–ú –≠–¢–ê –ö–ù–û–ü–ö–ê?–û–¢–ö–õ–ò–ö–ò(","–û–±–Ω–æ–≤–ª–µ–Ω–∏–µ —Ç–≤–∏ –¥–ª—è –ê–Ω–¥—Ä–æ–∏–¥–∞:–û–Ω, –¥–∏–∑–∞–π–Ω –∫—Ä—É—Ç–µ–Ω—å–∫–∏–π.–≥–¥–µ –æ—Ç–∫–ª–∏–∫–∏? –û, –∫–Ω–æ–ø–æ—á–∫–∏ –ø–æ–º–µ–Ω—è–ª–∏—Å—å. –ì–¥–µ –æ—Ç–∫–ª–∏–∫–∏!?!?!? –ó–∞—á–µ–º —ç—Ç–∞ –∫–Ω–æ–ø–∫–∞? –û—Ç–∫–ª–∏–∫–∏ ("
134,–≤—Å–µ –º–µ–Ω—è –ø—Ä–µ–¥–∞–ª–∏......–Æ–ª—è –∑–∞–µ–±–∞–ª–∞....–û–ª—è —Å –Æ–ª–µ–π......–Ø—Ä–∏–∫ –∫ –°—Ç–µ—à–µ —É—à–µ–ª......–°—Ç–µ—à–∞ —Å –Ø—Ä–∏–∫–æ–º....( :—Å—Å—Å,–í—Å–µ –º–µ–Ω—è –ø—Ä–µ–¥–∞–ª–∏. –Æ–ª—è –Ω–∞–¥–æ–µ–ª–∞ —É–∂–µ. –û–ª—è —Å –Æ–ª–µ–π. –Ø—Ä–∏–∫ –∫ –°—Ç–µ—à–µ —É—à—ë–ª. –°—Ç–µ—à–∞ —Å –Ø—Ä–∏–∫–æ–º.
135,–ü–∏–∑–¥–µ—Ü –Ω–∞—Ö—É–π –º–µ–Ω—è –≤ 5—É—Ç—Ä–∞ –±—É–¥–∏—Ç—å..–ö–∞—Ç—è —Å–æ —Å–≤–æ–∏–º–∏ —Ç—É—Å–∞–º–∏ —É–∂–µ –¥–æ—Å—Ç–∞–ª–∞!!! –ö—Ç–æ-–Ω–∏–±—É–¥—å –∑–∞–±–µ—Ä–∏—Ç–µ –º–µ–Ω—è –Ω–∞ 2 –∫ —Å–µ–±–µ :(,"–ó–∞—á–µ–º –º–µ–Ω—è –≤ 5 —É—Ç—Ä–∞ –±—É–¥–∏—Ç—å? .. –ö–∞—Ç—è —Å–æ —Å–≤–æ–∏–º–∏ —Ç—É—Å–æ–≤–∫–∞–º–∏ —É–∂–µ –¥–æ—Å—Ç–∞–ª–∞!!! –ö—Ç–æ-–Ω–∏–±—É–¥—å, –∑–∞–±–µ—Ä–∏—Ç–µ –º–µ–Ω—è –Ω–∞ 2 –¥–Ω—è –∫ —Å–µ–±–µ :("
136,"–ë–ª—è,—Å–æ—Å–µ–¥ —É–≤–∏–¥–µ–ª,—á–µ—Ä–µ–∑ –æ–∫–Ω–æ,–∫–∞–∫ —è –ø–æ—é –ü—Ä–µ–¥—Å—Ç–∞–≤–ª—è—é –∫–∞–∫ –µ–º—É —Ç–µ–ø–µ—Ä—å —Å–º–µ—à–Ω–æ,–≤–µ–¥—å —è —Ç–∞–∫–∏–µ —Ä–æ–∂–∏ –¥–µ–ª–∞–ª–∞,—Ç–∏–ø–∞ –∫—Ä—É—Ç–∞—è ,—Å—É–∫–∞(","–û–π, —Å–æ—Å–µ–¥ —É–≤–∏–¥–µ–ª, —á–µ—Ä–µ–∑ –æ–∫–Ω–æ, –∫–∞–∫ —è –ø–æ—é. –ü—Ä–µ–¥—Å—Ç–∞–≤–ª—è—é –∫–∞–∫ –µ–º—É —Ç–µ–ø–µ—Ä—å —Å–º–µ—à–Ω–æ, –≤–µ–¥—å —è —Ç–∞–∫–æ–µ –ª–∏—Ü–æ –¥–µ–ª–∞–ª–∞, –±—É–¥—Ç–æ –æ—á–µ–Ω—å –∫—Ä—É—Ç–∞—è."
137,"–º–Ω–µ —Å–∫—É—á–Ω–æ.—è —Ö–æ—á—É –≤—ã—ë–±—ã–≤–∞—Ç—å—Å—è,–Ω–æ –Ω–µ –ø–µ—Ä–µ–¥ –∫–µ–º((((((","–ú–Ω–µ —Å–∫—É—á–Ω–æ , —è —Ö–æ—á—É –≤—ã–ø–µ–Ω–¥—Ä–∏—Ç—å—Å—è –ø–µ—Ä–µ–¥ –∫–µ–º –Ω–∏–±—É–¥—å , –Ω–æ –Ω–µ –ø–µ—Ä–µ–¥ –∫–µ–º"
138,–¥–∞–∂–µ –º—É—Ö–∏ –µ–±—É—Ç—å—Å—è...–∞ —è –Ω–µ—Ç((,"–î–∞–∂–µ —É –º—É—Ö –µ—Å—Ç—å —Å–µ–∫—Å, –∞ —É –º–µ–Ω—è –Ω–µ—Ç"
139,–Ω–∞ 3 –¥–Ω—è–ë–ª—è—è—è–Ø —Ç–∞–º –ø–æ–º—Ä—É –Ω–∞—Ö—É–π:(,–ù–∞ 3 –¥–Ω—è! –Ø —Ç–∞–º —Å —É–º–∞ —Å–æ–π–¥—É :(
140,"–ß—Ç–æ –∂ –∑–∞ –ø–∏–∑–¥–µ—Ü —Ç–≤–æ—Ä–∏—Ç—Å—è –≤ –º–æ–µ–π –∂–∏–∑–Ω–∏,–Ω—É —Ö–≤–∞—Ç–∏—Ç —É–∂–µ..–ù—É –∫–æ–≥–¥–∞ —ç—Ç–æ –∑–∞–∫–æ–Ω—á–∏—Ç—Å—è(((","–ù—É —á—Ç–æ –∂–µ –∑–∞ –±–µ–¥–∞ —Ç–≤–æ—Ä–∏—Ç—å—Å—è –≤ –º–æ–µ–π –∂–∏–∑–Ω–∏, –Ω—É —Ö–≤–∞—Ç–∏—Ç —É–∂–µ. –ù—É –∫–æ–≥–¥–∞ —ç—Ç–æ –∑–∞–∫–æ–Ω—á–∏—Ç—Å—è"
141,"–Ø –†–ê–î, –®–¢–ê –¢–´ –ú–ï–ù–Ø –ü–û–ù–ò–ú–ê–ï–®–¨! –ú–û–ô –¢–ï–õ–ï–§–û–ù –ë–´–õ –ß–ê–°–¢–¨–Æ –ú–û–ï–ô –ñ–ò–ó–ù–ò, –ê –¢–ò–ü–ï–†–¨ –ï–ì–û –ù–ò–¢(((","–Ø —Ä–∞–¥, —á—Ç–æ —Ç—ã –º–µ–Ω—è –ø–æ–Ω–∏–º–∞–µ—à—å , –º–æ–π —Ç–µ–ª–µ—Ñ–æ–Ω –±—ã–ª —á–∞—Å—Ç—å—é –º–æ–µ–π –∂–∏–∑–Ω–∏ , –∞ —Ç–µ–ø–µ—Ä—å –µ–≥–æ –Ω–µ—Ç ."
142,"–ù—É –±–ª—è—Ç—å –∫–∞–∫???–Ø —Ç–∞–∫ –µ–±–Ω—É–ª–∞—Å—å –Ω–∞ –∫–∞—Ç–∫–µ,—á—Ç–æ –∞–∂ –ø–æ—Ä–≤–∞–ª–∞ —à—Ç–∞–Ω—ã –∏ –ø–æ—à–ª–∞ –∫—Ä–æ–≤—å,–≤—Å–µ —à—Ç–∞–Ω—ã –∏—Å–ø–∞—á–∫–∞–ª–∞(((","–ù—É –∫–∞–∫???? –Ø —Ç–∞–∫ —É–ø–∞–ª–∞ –Ω–∞ –∫–∞—Ç–∫–µ, —á—Ç–æ –∞–∂ –ø–æ—Ä—ã–≤–∞–ª–∞ —à—Ç–∞–Ω—ã –∏ –ø–æ—à–ª–∞ –∫—Ä–æ–≤—å, –≤—Å–µ —à—Ç–∞–Ω—ã –∏—Å–ø–∞—á–∫–∞–ª–∞ ((("
143,"–ö–¢–û –ü–†–ò–î–£–ú–ê–õ –ß–ê–°–´,–ö–û–¢–û–†–´–ï –ë–¨–Æ–¢ –°–¢–û–õ–¨–ö–û –†–ê–ó,–°–ö–û–õ–¨–ö–û –°–ï–ô–ß–ê–° –ß–ê–°–û–í?–Ø –°–°–£–°–¨,–ö–û–ì–î–ê –°–õ–´–®–£ –ò–•!–º–Ω–µ –ø—Ä–∏–¥–µ—Ç—Å—è –ø—Ä–æ–≤–µ—Å—Ç–∏ –Ω–æ—á—å –Ω–∞–µ–¥–∏–Ω–µ —Å –Ω–∏–º–∏:(–ø—Ä–æ—â–∞–π —Å–æ–Ω","–ö—Ç–æ –ø—Ä–∏–¥—É–º–∞–ª —á–∞—Å—ã, –∫–æ—Ç–æ—Ä—ã–µ –±—å—é—Ç —Å—Ç–æ–ª—å–∫–æ —Ä–∞–∑, —Å–∫–æ–ª—å–∫–æ —Å–µ–π—á–∞—Å —á–∞—Å–æ–≤? –Ø –ø—É–≥–∞—é—Å—å, –∫–æ–≥–¥–∞ —Å–ª—ã—à—É –∏—Ö! –ú–Ω–µ –ø—Ä–∏–¥–µ—Ç—Å—è –ø—Ä–æ–≤–µ—Å—Ç–∏ –Ω–æ—á—å –Ω–∞–µ–¥–∏–Ω–µ —Å –Ω–∏–º–∏, –ø—Ä–æ—â–∞–π —Å–æ–Ω"
144,"–≠—Ç–æ —Ç—ã —Ç–∞–∫ –¥—É–º–∞–µ—à—å,–æ–Ω —Ç–∞–∫ –Ω–µ –¥—É–º–∞–µ—Ç—å(((–Ø –ø–ª–∞—á—É, –º–Ω–µ –ø–ª–æ—Ö–æ. –ï—Å—Ç—å –µ—â—ë —Å—É–∫–∏ –∫–æ—Ç–æ—Ä—ã–µ —Å–æ–≤–µ—Ç—É—é—Ç—å –º–µ–Ω—è –∏–≥–Ω–æ—Ä–∏—Ç—å –∏ –¥–æ–±–∞–≤–∏—Ç—å –≤ —á—Å((","–≠—Ç–æ —Ç—ã —Ç–∞–∫ –¥—É–º–∞–µ—à—å, –∞ –æ–Ω —Ç–∞–∫ –Ω–µ –¥—É–º–∞–µ—Ç. –Ø –ø–ª–∞—á—É, –º–Ω–µ –ø–ª–æ—Ö–æ. –ï—Å—Ç—å –µ—â—ë –ª—é–¥–∏, –∫–æ—Ç–æ—Ä—ã–µ —Å–æ–≤–µ—Ç—É—é—Ç –º–µ–Ω—è –∏–≥–Ω–æ—Ä–∏—Ä–æ–≤–∞—Ç—å –∏ –¥–æ–±–∞–≤–∏—Ç—å –≤ —á—Å"
145,"–ø–æ—Ç–æ–º—É —á—Ç–æ —Ç—ã –º—É–¥–∞–∫–ú–± —è –ø–æ—à–ª—ã–π, –Ω–æ –Ω–µ –Ω–∞—Å—Ç–æ–ª—å–∫–æ –∂–µ :(–ò –¥–∞–Ø –Ω–µ —Å–µ–∫—Å –º–∞—à–∏–Ω–∞–í–æ–ø—Ä–æ—Å –∏—Å—á–µ—Ä–ø–∞–Ω–Ø –≤ –æ–±–∏–¥–µ","–ü–æ—Ç–æ–º—É —á—Ç–æ —Ç—ã –Ω–µ –æ—á–µ–Ω—å —Ö–æ—Ä–æ—à–∏–π —á–µ–ª–æ–≤–µ–∫. –ú–æ–∂–µ—Ç –±—ã—Ç—å —è –ø–æ—à–ª—ã–π, –Ω–æ –Ω–µ –Ω–∞—Å—Ç–æ–ª—å–∫–æ –∂–µ:( –∏ –¥–∞, —è –Ω–µ —Å–µ–∫—Å –º–∞—à–∏–Ω–∞. –í–æ–ø—Ä–æ—Å –∏—Å—á–µ—Ä–ø–∞–Ω. –Ø –≤ –æ–±–∏–¥–µ."
146,–°–ª—ã—à—å –ø–æ—á –º–µ–Ω—è —Ç—Ä—É—Ö–∞–Ω—ã –Ω–∞–π–ª–∞ –Ω–µ –∑–∞—Ñ–æ–ª–ª–æ–≤–∏–ª–∏? :(,–í—ã –Ω–µ –≤ –∫—É—Ä—Å–µ –ø–æ—á–µ–º—É –º–µ–Ω—è –Ω–µ –¥–æ–±–∞–≤–∏–ª–∏ –≤ –¥—Ä—É–∑—å—è —ç—Ç–∏ –≥—Ä–∞–∂–¥–∞–Ω–µ? :(
147,–Ø –í–î–û–•–ù–û–í–ò–õ–ê–°–¨ –°–í–û–ï–ô –ü–û–ú–û–õ–í–ö–û–ô..–ò –í–û–¢ –ß–¢–û –ù–ê–°–ö–†–Ø–ë–ê–õ–ê...–ö–ê–ß–ï–°–¢–í–û –ù–ï –ê–ô–°((–ù–£ –ö–ê–ö?,"–Ø –≤–¥–æ—Ö–Ω–æ–≤–∏–ª–∞—Å—å —Å–≤–æ–µ–π –ø–æ–º–æ–ª–≤–∫–æ–π. –ò –≤–æ—Ç, —á—Ç–æ –Ω–∞—à–ª–∞. –ö–∞—á–µ—Å—Ç–≤–æ –Ω–µ –æ—á–µ–Ω—å. –ù—É –∫–∞–∫?"
148,"–ë–û–ñ–ï –ö–ê–ö –ñ–ê–õ–¨:((–¶–ê–†–°–¢–í–û –¢–ï–ë–ï –ù–ï–ë–ï–°–ù–û–ï,–ë–ê–ë–£–®–ö–ê –õ–£–ò","–ë–æ–∂–µ, –∫–∞–∫ –∂–∞–ª—å. –¶–∞—Ä—Å—Ç–≤–æ —Ç–µ–±–µ –Ω–µ–±–µ—Å–Ω–æ–µ , –ë–∞–±—É—à–∫–∞ –õ—É–∏."
149,"–≤–∞–∞—É—É..–Ø –¢–û–õ–¨–ö–û –í–ß–ï–†–ê –í –ò–ù–¢–ï–†–ù–ï–¢–ï –°–ú–û–¢–†–ï–õ–ê –≠–¢–£ –†–ï–ö–õ–ê–ú–£,–ò–ë–û –£ –ù–ê–° –ù–ï–¢ –†–£–°–°–ö–ò–• –ö–ê–ù–ê–õ–û–í,–ì–î–ï –ü–û–ö–ê–ó–£–Æ–¢ –†–û–ú–£((","–í–∞–∞—É—É..—è —Ç–æ–ª—å–∫–æ –≤—á–µ—Ä–∞ –≤ –∏–Ω—Ç–µ—Ä–Ω–µ—Ç–µ —Å–º–æ—Ç—Ä–µ–ª–∞ —ç—Ç—É —Ä–µ–∫–ª–∞–º—É, –∏–±–æ —É –Ω–∞—Å –Ω–µ—Ç —Ä—É—Å—Å–∫–∏—Ö –∫–∞–Ω–∞–ª–æ–≤, –≥–¥–µ –ø–æ–∫–∞–∑—ã–≤–∞—é—Ç –†–æ–º—É (("
150,"–ï–±–∞—Ç—å, —è –∂ —É–º—Ä—É –±–µ–∑ –æ–±—â–µ–Ω–∏—è —Å–æ —Å–≤–æ–∏–º–∏ —á—É–≤–∞–∫–∞–º–∏,–±–µ–∑ –±–µ—Å–µ–¥,–ª—é–¥–∏—à–µ–∫..–∞–∞–∞:(","–ö–æ—à–º–∞—Ä, –∫–∞–∫ –∂–µ —Ç—è–∂–µ–ª–æ –±—É–¥–µ—Ç –±–µ–∑ –æ–±—â–µ–Ω–∏—è —Å–æ —Å–≤–æ–∏–º–∏ –¥—Ä—É–∑—å—è–º–∏,  –±–µ–∑ –±–µ—Å–µ–¥, –ª—é–¥–µ–π, –∞–∞–∞;("
151,"–Ω—É,–µ—Å–ª–∏ –Ω–∞ —Ç–µ–±—è –Ω–∞–ø–∞–ª–∞ –∫–∞–∫–∞—è —Ç–æ –µ–±–Ω—É—Ç–∞—è,—ç—Ç–æ –Ω–µ –∑–Ω–∞—á–∏—Ç,—á—Ç–æ –≤—Å–µ –æ–Ω–∏ –¥–µ—Ä—å–º–æ((((",–ù—É –µ—Å–ª–∏ –Ω–∞ —Ç–µ–±—è –Ω–∞–ø–∞–ª–∞ –∫–∞–∫–∞—è —Ç–æ –Ω–µ–Ω–æ—Ä–º–∞–ª—å–Ω–æ —ç—Ç–æ –Ω–µ –∑–Ω–∞—á–∏—Ç —á—Ç–æ –≤—Å–µ –æ–Ω–∏ –ø–ª–æ—Ö–∏–µ
152,"–í –û–ë–©–ï–ú –Ø –î–û–ú–ê.–ù–û –ù–ê–°–¢–†–û–ï–ù–ò–ï –ù–ï –ü–û–î–ù–Ø–õ–û–°–¨.–ü–†–ê–í–î–ê, –û–ë–ò–î–ù–û,–ß–¢–û –î–ï–í–ß–û–ù–ö–ò,–ö–û–¢–û–†–´–ï –ë–´–õ–ò –°–û–í–°–ï–ú –ù–ï–î–ê–í–ù–û –ù–û–†–ú–ê–õ–¨–ù–´–ú–ò,–°–¢–ê–õ–ò –ò–î–ò–û–¢–°–ö–ò–ú–ò –°–£–ö–ê–ú–ò :(","–í –æ–±—â–µ–º —è –¥–æ–º–∞, –Ω–æ –Ω–∞—Å—Ç—Ä–æ–µ–Ω–∏–µ –Ω–µ –ø–æ–¥–Ω—è–ª–æ—Å—å, –ø—Ä–∞–≤–¥–∞, –æ–±–∏–¥–Ω–æ, —á—Ç–æ –¥–µ–≤—á–µ–Ω–∫–∏, –∫–æ—Ç–æ—Ä—ã–µ —Å–æ–≤—Å–µ–º –Ω–µ–¥–∞–≤–Ω–æ –±—ã–ª–∏ –Ω–æ—Ä–º–∞–ª—å–Ω—ã–º–∏ –æ—á–µ–Ω—å –ø–æ–º–µ–Ω—è–ª–∏—Å—å"
153,–ø–∏–∑–¥–µ—Ü —Ç–∞–∫ –æ–≥–æ—Ä—á–∏–ª–∏–∏ –º–µ–Ω—è –∫–æ–Ω–µ—á–Ω–æ.. –Ω–µ –æ–±—ä—è—Å–Ω–∏—Ç—å —Å–ª–æ–≤–∞–º–∏(,"–û—á–µ–Ω—å —Å–∏–ª—å–Ω–æ –æ–≥–æ—Ä—á–∏–ª–∏ –º–µ–Ω—è , —Å–ª–æ–∂–Ω–æ –æ–±—ä—è—Å–Ω–∏—Ç—å —Å–ª–æ–≤–∞–º–∏ –Ω–∞ —Å–∫–æ–ª—å–∫–æ —Å–∏–ª—å–Ω–æ"
154,–•–û–†–û–®–û–ü–û–ß–¢–ò –í–´–ó–î–û–†–ê–í–õ–ò–í–ê–Æ–ì–†–Å–ë–ê–ù–ù–ê–Ø –ó–ò–ú–ê–ß–¢–û–ñ –¢–ê–ö –•–û–õ–û–î–ù–û *(–ß–ï–ú –ó–ê–ù–Ø–¢–ê?,—Ö–æ—Ä–æ—à–æ –ø–æ—á—Ç–∏. –≤—ã–∑–¥–æ—Ä–∞–≤–ª–∏–≤–∞—é. –∑–∏–º–∞ –Ω–∞–¥–æ–µ–ª–∞... —á—Ç–æ –∂ —Ç–∞–∫ —Ö–æ–ª–æ–¥–Ω–æ? —á–µ–º –∑–∞–Ω—è—Ç–∞?
155,"Fuuuuk! Monster High, —à–∏–∫–∞—Ä–Ω—ã–µ –∫—É–∫–ª—ã, –Ω–æ –ø–∞–¥–ª–∞... –î–û–†–û–ì–ò–ï!!! 6000 —Ç—ã—Å—è—á –∑–∞ Catty Noir! –û–±–¥–∏—Ä–∞–ª–æ–≤–∫–∞! =(","–í–æ—Ç —ç—Ç–æ –¥–∞, –∫—É–∫–ª—ã Monster Hidh, —Ç–∞–∫–∏–µ —à–∏–∫–∞—Ä–Ω—ã–µ, –Ω–æ –∫ —Å–æ–∂–∞–ª–µ–Ω–∏—é, —Ç–∞–∫–∏–µ –¥–æ—Ä–æ–≥–∏–µ! 6000 —Ç—ã—Å—è—á –∑–∞ Catty Noir - –æ—á–µ–Ω—å –¥–æ—Ä–æ–≥–æ."
156,"–¢–∞–∫–æ–µ –æ—â—É—â–µ–Ω–∏–µ —á—Ç–æ –∫—Ç–æ —Ç–æ —Ö–ª–æ–ø–Ω—É–ª –≤ –ª–∞–¥–æ—à–∏ —Å–∫–∞–∑–∞–≤:""–í—Å—ë –ø–∏–∑–¥–µ—Ü,—Ö–≤–∞—Ç–∏—Ç —Å —Ç–µ–±—è —Å–µ–≥–æ–¥–Ω—è,—Ö–æ—Ä–æ—à–µ–≥–æ –Ω–∞—Å—Ç—Ä–æ–µ–Ω–∏—è""!!((","–¢–∞–∫–æ–µ –æ—â—É—â–µ–Ω–∏–µ —á—Ç–æ –∫—Ç–æ —Ç–æ —Ö–ª–æ–ø–Ω—É–ª –≤ –ª–∞–¥–æ—à–∏ –∏ —Å–∫–∞–∑–∞–ª 
–í—Å–µ –Ω–∞ —Å–µ–≥–æ–¥–Ω—è —Å —Ç–µ–±—è —Ö–≤–∞—Ç–∏—Ç —Ö–æ—Ä–æ—à–µ–≥–æ –Ω–∞—Å—Ç—Ä–æ–µ–Ω–∏—è"
157,"–°–ö–ê,–ü–ó–î–¶,–ú–ï–ù–Ø –°–ï–°–¢–†–ê –í–´–ì–ù–ê–õ–ê,–ê –ù–ê –¢–ï–õ–ï–§–û–ù–ï –©–ê –°–Ø–î–ï–¢ –ë–ê–¢–ê–†–ï–ô–ö–ê,–ê –ü–û–î–ó–ê–†–Ø–î–ö–ò –ù–ï–¢–£((((((((((((((((((((((–ù—É –Ω–∏ —á–µ,—è –ø–æ–∂—Ä—É —Ö–æ—Ç—å.","–ú–µ–Ω—è —Å–µ—Å—Ç—Ä–∞ –≤—ã–≥–Ω–∞–ª–∞, –∞ –Ω–∞ —Ç–µ–ª–µ—Ñ–æ–Ω–µ —Å–µ–π—á–∞—Å —Å—è–¥–µ—Ç –±–∞—Ç–∞—Ä–µ–π–∫–∞, –∞ –ø–æ–¥–∑–∞—Ä—è–¥–∫–∏ –Ω–µ—Ç, –Ω—É –Ω–∏—á–µ–≥–æ —è –ø–æ–∫—É—à–∞—é —Ö–æ—Ç—è –±—ã"
158,–Ø –ü–†–û–ü–£–°–¢–ò–õ–ê –î–† –ó–ï–ô–ù–ò–ò–ò((( –ù–ï –ü–û–ó–î–†–ê–í–ò–õ–ê–ê –ï–ì–û–û–û–û((((((,"–Ø —Ç–∞–∫ —Ä–∞—Å—Å—Ç—Ä–æ–µ–Ω–∞, –ø—Ä–æ–ø—É—Å—Ç–∏–ª–∞ –î–µ–Ω—å —Ä–æ–∂–¥–µ–Ω–∏—è –ó–µ–π–Ω–∏. –ù–µ –ø–æ–∑–¥—Ä–∞–≤–∏–ª–∞ –µ–≥–æ!"
159,–ö—Ç–æ –ø—Ä–æ—Å—Ä–∞–ª –∫–∞–Ω–∏–∫—É–ª—ã? –Ø –ü–†–û–°–†–ê–õ –ö–ê–ù–ò–ö–£–õ–´ ((66(((6(6((,–ö—Ç–æ –ø–æ—Ç—Ä–∞—Ç–∏–ª –∑—Ä—è –≤—Å–µ –∫–∞–Ω–∏–∫—É–ª—ã? –Ø –ø–æ—Ç—Ä–∞—Ç–∏–ª —ç—Ç–æ –≤—Ä–µ–º—è –∑—Ä—è.
160,–ø–∏–∑–¥–µ—Ü...–æ–Ω –≥—É–ª—è–µ—Ç —Å–æ –º–Ω–æ–π —á–∏—Å—Ç–æ –ø–æ—Å–æ—Å–∞—Ç—å—Å—è..–∞ —è –¥—É—Ä–∞ –≤–ª—é–±–ª—è—é—Å—å(,–æ–Ω –≥—É–ª—è–µ—Ç —Å–æ –º–Ω–æ–π —á—Ç–æ –±—ã –ø—Ä–æ—Å—Ç–æ –ø–æ —Ü–µ–ª–æ–≤–∞—Ç—å—Å—è.–∞ —è –¥—É—Ä–∞ –≤–ª—é–±–ª—è—é—Å—å
161,–≤ –∂–æ–ø—É –Ω–∞—É–∫—É!–≤ –∂–æ–ø—É —Å–µ—Å—Å–∏—é!–≤ –∂–æ–ø—É —ç–∫–∑–∞–º–µ–Ω—ã!—è —Ö–æ—á—É –Ω–∞ –≥–æ—Ä–∫—É –∏ —á—É–¥–æ-—à–æ–∫–æ–ª–∞–¥ :(,–ù–µ –≤–∏–∂—É —Å–º—ã—Å–ª–∞ –≤ –Ω–∞—É–∫–µ! –ù–µ —Ö–æ—á—É —Å–µ—Å—Å–∏—é! –ù–µ —Ö–æ—á—É —ç–∫–∑–∞–º–µ–Ω! –Ø —Ö–æ—á—É –Ω–∞ –ì–æ—Ä–∫—É –∏ —á—É–¥–æ —à–æ–∫–æ–ª–∞–¥:(
162,–ö–æ—à–º–∞—Ä....—è –ø—Ä–æ—Å—Ç–æ –ø—Ä–∏–¥—É—Ä–æ–∫!!!–æ–ø—è—Ç—å...–≤—Å–µ –∑–∞–Ω–æ–≤–æ!!!((,–ö–æ—à–º–∞—Ä... —è –ø—Ä–æ—Å—Ç–æ –≥–ª—É–ø—ã–π! –û–ø—è—Ç—å –≤—Å—ë –∑–∞–Ω–æ–≤–æ!
163,"-–í–ê–•–ê–•–ê–•–ê –°–¢–ò–ü–ï–ù–î–ò–Ø,–û–õ–û–õ–û –Ø –ë–û–ì–ê–¢.-–°–ª—É—à–∞–π,—Ç—É—Ç –∑–∞—á–µ—Ç –≤ –ø–Ω,–æ–¥–æ–ª–∂–∏ 2–∫,–∞?-–û–∫–∞—É:(–¢–æ —Å–∞–º–æ–µ —á—É–≤—Å—Ç–≤–æ.–¢–æ.—Å–∞–º–æ–µ.—á—É–≤—Å—Ç–≤–æ.","-—Ö–∞—Ö–∞, —Å—Ç–∏–ø–µ–Ω–¥–∏—è, —è –±–æ–≥–∞—Ç. —Å–ª—É—à–∞–π, —Ç—É—Ç –∑–∞—á√´—Ç –≤ –ø–æ–Ω–µ–¥–µ–ª—å–Ω–∏–∫, –æ–¥–æ–ª–∂–∏ –¥–≤–µ —Ç—ã—Å—è—á–∏. —Ö–æ—Ä–æ—à–æ( —Ç–æ —Å–∞–º–æ–µ —á—É–≤—Å—Ç–≤–æ.."
164,"–±–ª—è –¥–∞ –∫—Ä—É—Ç–æ –æ–Ω–∞ –¥—É–º–∞–µ—Ç,–∫–∞—Ä–µ –Ω–∞–∑–∞–¥,—ç—Ç –∞—Ö—É–µ–Ω–Ω–æ –∏ –µ–π –ø–æ–π–¥–µ... ‚Äî –ø–ª–¥–æ–≤–∏—Ñ—å–ª—Ä—ã–≤–∏–º—è —É–∂–µ —Ö–∑ –∫–∞–∫ –ø–æ–¥—Å—Ç—Ä–∏–≥–∞—Ç—å—Å—è:(–ª–æ—Ö–∏–±–∞–Ω—ã–π","–î–∞ –∫—Ä—É—Ç–æ –æ–Ω–∞ –¥—É–º–∞–µ—Ç , –∫–∞—Ä–µ –Ω–∞–∑–∞–¥ , —ç—Ç–æ –ø—Ä–∏–∫–æ–ª—å–Ω–æ –∏ –µ–π –ø–æ–π–¥—ë—Ç . –Ø —É–∂–µ –Ω–µ –∑–Ω–∞—é –∫–∞–∫ –ø–æ–¥—Å—Ç—Ä–∏–≥–∞—Ç—å—Å—è"
165,—è —Å —Ç–æ–±–æ–π –±–æ–ª—å—à–µ –Ω–µ –≥–æ–≤–æ—Ä—é–∏–±–æ –∑–∞–µ–±–∞–ª–∞ —É–∂–µ –Ω–µ–º–Ω–æ–≥–æ–∏ –Ω–∏–∫–∞–∫ –ø–æ–¥—Ä—É–≥–æ–º—É –Ω–µ —Å–∫–∞–∑–∞—Ç—å(((((((((((,"–Ø —Å —Ç–æ–±–æ–π –±–æ–ª—å—à–µ –Ω–µ –≥–æ–≤–æ—Ä—é, –∏–±–æ –Ω–∞–¥–æ–µ–ª–∞ —É–∂–µ –Ω–µ–º–Ω–æ–≥–æ –∏ –Ω–∏–∫–∞–∫ –ø–æ –¥—Ä—É–≥–æ–º—É –Ω–µ —Å–∫–∞–∑–∞—Ç—å"
166,–ì–¥–µ –û–ª–∞–¥—É—à?–±–æ–∂–µ–º–æ–π—è —Å–∫—É—á–∞—é –ø–æ —ç—Ç–æ–º—É –ø–∏–¥–∞—Ä—É(((((((((,"–ì–¥–µ –û–ª–∞–¥—É—à? –ë–æ–∂–µ –º–æ–π, —è —Å–∫—É—á–∞—é –ø–æ —ç—Ç–æ–º—É —á–µ–ª–æ–≤–µ–∫—É"
167,"–¢–ê–ö–ê–Ø –ñ–ï –•–†–ï–ù–¨(–≠–≠–≠–•,–°–¢–†–ê–ù–ù–û –ö–ê–ö-–¢–û..–•–û–¢–¨ –ë–´ –î–û –í–ï–ß–ï–†–ê –í–°–ï –í–û–°–°–¢–ê–ù–û–í–ò–õ–û–°–¨..","–¢–∞–∫–∞—è –∂–µ –µ—Ä—É–Ω–¥–∞( —ç—ç—ç—Ö, —Å—Ç—Ä–∞–Ω–Ω–æ –∫–∞–∫-—Ç–æ. –•–æ—Ç—å –±—ã –¥–æ –≤–µ—á–µ—Ä–∞ –≤—Å–µ –≤–æ—Å—Å—Ç–∞–Ω–æ–≤–∏–ª–æ—Å—å."
168,"–¢–ê–ö–ê–Ø –ñ–ï –•–†–ï–ù–¨(–≠–≠–≠–•,–°–¢–†–ê–ù–ù–û –ö–ê–ö-–¢–û..–•–û–¢–¨ –ë–´ –î–û –í–ï–ß–ï–†–ê –í–°–ï –í–û–°–°–¢–ê–ù–û–í–ò–õ–û–°–¨..","–¢–∞–∫–∞—è –∂–µ —Ñ–∏–≥–Ω—è ( —ç—ç—ç—Ö, —Å—Ç—Ä–∞–Ω–Ω–æ –∫–∞–∫-—Ç–æ.. –•–æ—Ç—å –±—ã –¥–æ –≤–µ—á–µ—Ä–∞ –≤—Å–µ –≤–æ—Å—Å—Ç–∞–Ω–æ–≤–∏–ª–æ—Å—å.."
169,"–ü–æ-–ª—é–±–∞—Å –ø–æ –º–Ω–µ –≤–µ—Å—å —Ç–≤–∏—Ç—Ç–µ—Ä —Å–∫—É—á–∞–ª!–Ø –∂ –∑–≤–∏–∑–¥–∞-–ø–∏–∑–¥–∞, –¥–∞ –ü–æ–ª—å?–ú–µ–Ω—è —Ç—É—Ç —Ç–∞–∫ –¥–æ–ª–≥–æ –Ω–µ –±—ã–ª–æ:(–ë—É–¥–µ–º –∏—Å–ø—Ä–∞–≤–ª—è—Ç—å —Å–∏—Ç—É–∞—Ü–∏—é","–ü–æ-–ª—é–±–æ–º—É –ø–æ –º–Ω–µ –≤–µ—Å—å —Ç–≤–∏—Ç—Ç–µ—Ä —Å–∫—É—á–∞–ª! –Ø –∂ –∑–≤–µ–∑–¥–∞, –¥–∞, –ü–æ–ª—å? –ú–µ–Ω—è —Ç—É—Ç —Ç–∞–∫ –¥–æ–ª–≥–æ –Ω–µ –±—ã–ª–æ. –ë—É–¥–µ–º –∏—Å–ø—Ä–∞–≤–ª—è—Ç—å —Å–∏—Ç—É–∞—Ü–∏—é"
170,–©–∞ –ø–æ—Å—Ç–∞–≤–∏–ª–∞ —É–∫–æ–ª –ú–æ–Ω—å–∫–µ. –û–Ω –±–µ–¥–Ω—ã–π –±–æ–ª–µ–µ—Ç( –ó–ê–¢–û –ë–õ–Ø–¢–¨ –ù–ê–ñ–†–ê–õ–°–Ø –¶–í–ï–¢–û–í –ò –î–û–ñ–î–Ø,–°–µ–π—á–∞—Å –ø–æ—Å—Ç–∞–≤–∏–ª–∞ —É–∫–æ–ª –ú–æ–Ω—å–∫–µ. –û–Ω –±–µ–¥–Ω—ã–π –±–æ–ª–µ–µ—Ç( –ù–æ –∑–∞—Ç–æ –ø–µ—Ä–µ–¥ —ç—Ç–∏–º –æ–Ω –Ω–∞–µ–ª—Å—è —Ü–≤–µ—Ç–æ–≤ –∏ –¥–æ–∂–¥—è.
171,–º–æ–µ–≥–æ –ø—Å–∞ –∑–æ–≤—É—Ç –ì–∞—Ä—Ä–∏—Ç–∞–∫ –≤–æ—Ç —ç—Ç–æ—Ç –ì–∞—Ä—Ä–∏ –±–ª—è–¥—å —Å–∏—Ä–∞–Ω—É–ª –≤ –∫–æ—Ä–∏–¥–æ—Ä–µ(((((,–ú–æ–µ–≥–æ –ø—Å–∞ –∑–æ–≤—É—Ç –ì–∞—Ä—Ä–∏. –¢–∞–∫ –≤–æ—Ç —ç—Ç–æ—Ç –ì–∞—Ä—Ä–∏ —Å—Ö–æ–¥–∏–ª –≤ —Ç—É–∞–ª–µ—Ç –≤ –∫–æ—Ä–∏–¥–æ—Ä–µ (
172,–ò–Ω–æ–≥–¥–∞ —è —Ö–æ —á—Ç–æ–± –º–µ–Ω—è—É–∫—Ä—ã–ª–∏ –∏ —á–º–æ–∫–Ω—É–ª–∏ –≤ –Ω–æ—Å–Ω–∞–Ω–æ—á—å(,"–ò–Ω–æ–≥–¥–∞, —è —Ö–æ—á—É, —á—Ç–æ–±—ã –º–µ–Ω—è —É–∫—Ä—ã–ª–∏ –∏ –ø–æ—Ü–µ–ª–æ–≤–∞–ª–∏ –≤ –Ω–æ—Å, –ø–µ—Ä–µ–¥ —Å–Ω–æ–º("
173,–¥–≤–∞ —Ñ–∏–ª—å–º–æ–¥—Ä–æ—á–µ—Ä–∞!,–î–≤–∞ —á–µ–ª–æ–≤–µ–∫–∞ –ª—é–±—è—â–∏–µ —Å–º–æ—Ç—Ä–µ—Ç—å —Ñ–∏–ª—å–º—ã
174,—Ç–∞–∫ —á—Ç–æ –ø–∞—Ä–Ω–∏ –Ω–∞—Ö—É–π –∏–¥–∏—Ç–µ –∑–∞–µ–±–∞–ª–∏(,—Ç–∞–∫ —á—Ç–æ –ø–∞—Ä–Ω–∏ –∏–¥–∏—Ç–µ –∫—É–¥–∞ –ø–æ–¥–∞–ª—å—à–µ –≤—ã –º–µ–Ω—è –¥–æ—Å—Ç–∞–ª–∏(
175,–ø–∑–¥—Ü —à—Ç–æ–±—ã–ª–æ–º–µ–Ω—è –æ–±–æ—Å—Ä–∞–ª–∏ –ø–µ—Ä–µ–¥ –≤—Å–µ–º –∫–ª–∞—Å—Å–æ–º –∏ –ø—Ä–µ–¥–∫–∞–º–∏(((9((9,"–ö–æ—à–º–∞—Ä, —á—Ç–æ –±—ã–ª–æ, –º–µ–Ω—è –æ–±–ª–∏–ª–∏ –≥—Ä—è–∑—å—é –ø–µ—Ä–µ–¥ –≤—Å–µ–º –∫–ª–∞—Å—Å–æ–º –∏ —Ä–æ–¥–∏—Ç–µ–ª—è–º–∏((("
176,"–î–∞–Ω–∫–∞ —Ä–∞—Å—Å—Ç–∞–ª–∞—Å—å —Å–æ —Å–≤–æ–∏–º( –ø–∏–∑–¥–µ—Ü....—Ä–æ–¥–Ω–∞—è —è —Å —Ç–æ–±–æ–π. –¢—ã –≤—Å–µ–≥–¥–∞ –±—ã–ª–∞ —Ä—è–¥–æ–º,–∫–æ–≥–¥–∞ –º–Ω–µ –±—ã–ª–æ –±–æ–ª—å–Ω–æ —Ç–µ–ø–µ—Ä—å —è –±—É–¥—É —Ç–æ–∂–µ. –í–µ–¥—å —è –ø—Ä–æ—à–ª–∞ –≤—Å–µ —ç—Ç–æ","–î–∞–Ω–∫–∞ —Ä–∞—Å—Å—Ç–∞–ª–∞—Å—å —Å–æ —Å–≤–æ–∏–º .—Ä–æ–¥–Ω–∞—è —è —Å —Ç–æ–±–æ–π .—Ç—ã –≤—Å–µ–≥–¥–∞ –±—ã–ª–∞ —Ä—è–¥–æ–º , –∫–æ–≥–¥–∞ –º–Ω–µ –±—ã–ª–æ –±–æ–ª—å–Ω–æ , —Ç–µ–ø–µ—Ä—å —è –±—É–¥—É —Ç–æ–∂–µ.  –í–µ–¥—å —è –ø—Ä–æ—à–ª–∞ –≤—Å–µ —ç—Ç–æ"
177,–Ø –î–û–õ–ì–û –ù–ï –ú–û–ì –†–ï–®–ò–¢–¨–°–Ø –ù–ê –≠–¢–û.–ù–û –í–°–Å –ñ–ï –ü–û–°–ú–û–¢–†–ï–õ 3 –°–ï–†–ò–Æ 5 –°–ï–ó–û–ù–ê GLEE.–Ø –í–´–ü–õ–ê–ö–ê–õ 3 –ë–û–õ–¨–®–ò–• –ü–û–õ–û–¢–ï–ù–¶–ê.–≠–¢–û –ü–†–û–°–¢–û –ü–ó–î–¶.:(,"–Ø –¥–æ–ª–≥–æ –Ω–µ –º–æ–≥ —Ä–µ—à–∏—Ç—å—Å—è –Ω–∞ —ç—Ç–æ, –Ω–æ –≤—Å–µ –∂–µ –ø–æ—Å–º–æ—Ç—Ä–µ–ª 3 —Å–µ—Ä–∏—é 5 —Å–µ–∑–æ–Ω–∞ GLEE. –Ø –ø—Ä–æ–º–æ—á–∏–ª —Å–ª–µ–∑–∞–º–∏ —Ç—Ä–∏ –±–æ–ª—å—à–∏—Ö –ø–æ–ª–æ—Ç–µ–Ω—Ü–∞, —ç—Ç–æ –Ω–µ—á—Ç–æ("
178,–ß—Ç–æ!?!?! –°–ï–ö–°!!?!?! –ì–î–ï –°–ï–ö–°??(–ü–û–©–ò–ú–£ –Ø –ü–†–û–ü–£–°–¢–ò–õ(,–ß—Ç–æ!?!?! –°–µ–∫—Å!!?!?! –ì–¥–µ —Å–µ–∫—Å?? ( –ü–æ—á–µ–º—É —è –ø—Ä–æ–ø—É—Å—Ç–∏–ª (
179,–±–ª—è—Ç—å.–±–æ–ª—è—Ç –≤—Å–µ –∫–æ—Å—Ç–∏ —Ä—É–∫.–ª–æ–º–∏—Ç.—á—Ç–æ –∑–∞ –ø–∏–∑–¥–µ—Ü?(,"–ë–æ–ª—è—Ç –≤—Å–µ –∫–æ—Å—Ç–∏ —Ä—É–∫ –∏ –ª–æ–º–∏—Ç, —á—Ç–æ –∑–∞ –¥–µ–Ω—å"
